doc_id,frame_id,frame_label,decision,confidence,evidence_count,evidence_quotes,evidence_pages,rationale,counterevidence_count
doc_13,market_based_instruments,Market-Based Instruments,absent,0.0,0,,,"The text spans do not contain any clear references to market mechanisms, economic incentives, or related keywords that would indicate the presence of the market-based instruments frame.",0
doc_13,regulatory_approach,Regulatory Approach,absent,0.0,0,,,"The text spans discuss methodologies and standards related to climate risk data in the insurance sector but do not contain clear references to regulatory instruments such as mandates, compliance, enforcement, or penalties.",0
doc_13,participatory_governance,Participatory Governance,absent,0.0,0,,,"The text spans do not contain clear evidence of stakeholder participation, collaborative governance, or any of the required elements associated with participatory governance. The language used is more focused on frameworks and strategies without indicating active engagement or collaboration among...",0
doc_13,adaptive_management,Adaptive Management,absent,0.9,0,,,"The text spans do not contain any clear indicators or evidence of adaptive management principles such as learning, flexibility, iterative processes, or feedback mechanisms.",0
doc_13,ecosystem_services,Ecosystem Services Framework,absent,0.9,0,,,"The text discusses the EU forest strategy and its goals related to protecting forests and biodiversity, but it does not explicitly value or manage ecosystem services as defined in the frame. There are no mentions of ecosystem services, natural capital, or related keywords that would indicate the ...",0
doc_13,precautionary_principle,Precautionary Principle,insufficient_evidence,0.5,0,,,"While the text spans mention 'quantifying uncertainty' and 'validation and sensitivity approaches', which are related to the precautionary principle, there is no explicit mention of precautionary actions or a clear emphasis on caution in the face of uncertainty. The references are too vague and d...",0
doc_13,innovation_systems,Innovation Systems,absent,0.9,0,,,"The text span does not contain any references to innovation systems, research and development, or related keywords. It primarily discusses statistical models and stakeholders involved in a specific project without mentioning innovation networks or technological development.",0
doc_13,multilevel_governance,Multilevel Governance,absent,0.0,0,,,"The text does not contain clear evidence of multilevel governance concepts such as jurisdictional levels, governance cooperation, or coordination across multiple levels. It primarily discusses national risk assessments and cooperation without indicating a multilevel framework.",0
doc_10,market_based_instruments,Market-Based Instruments,absent,0.9,0,,,"The text spans do not contain clear references to market mechanisms or economic incentives that align with the definition of market-based instruments. While there are discussions about consumer demands and challenges faced by producers, there are no explicit mentions of market-based policies such...",0
doc_10,regulatory_approach,Regulatory Approach,present,0.9,2,Development of a legal framework to regulate data security and data sovereignty | development and improvement of legal and regulatory tools to promote an ethically responsible and standardised approach to the values and requirements of family businesses,"30,30","The text spans contain clear references to the development of a legal framework and regulatory tools, which align with the definition of a regulatory approach. The use of terms like 'regulate' and 'regulatory tools' indicates a command-and-control regulatory framework.",0
doc_10,participatory_governance,Participatory Governance,present,0.9,3,"Participatory planning, considering negotiations and consultations between actors representing the national, regional and local level, has only been introduced recently. | STANDARDISATION, INTEROPERABILITY, AND COMPATIBILITY OF SPATIAL DATA ENABLED PUBLIC PARTICIPATION IN PLANNING PROCESSES | How to enhance participation in rural planning? And how can digitalisation improve the involvement of local communities in spatial planning processes?","20,20,20","The text spans provide clear evidence of participatory governance through multiple references to stakeholder participation, public participation in planning processes, and the involvement of local communities in decision-making.",0
doc_10,adaptive_management,Adaptive Management,present,0.9,2,the statements for the scenario frameworks were developed in an iterative process. | new ideas are found by pilot projects and experimenting.,"24,11","The text spans contain multiple references to iterative processes, experimentation, and pilot projects, which are key indicators of the adaptive management frame.",0
doc_10,ecosystem_services,Ecosystem Services Framework,present,0.9,2,"to valorise all the forest ecosystem services, for example, by giving a market value to the carbon sequestrated by forests; | To assign market value to forest ecosystem services and to channel the revenues through appropriate funding mechanisms to enable the implementation of wildfire prevention measures.","66,67","The text spans explicitly discuss the valuation of forest ecosystem services, indicating a clear alignment with the ecosystem services framework.",0
doc_10,precautionary_principle,Precautionary Principle,present,0.9,1,There is uncertainty about how family farms can benefit from digitalisation.,29,"The text spans contain multiple references to 'uncertainty' and 'scientific certainty,' which align with the precautionary principle's emphasis on caution in the face of uncertainty. The presence of these terms indicates a recognition of the need for preventive action and risk aversion.",0
doc_10,innovation_systems,Innovation Systems,present,0.9,3,"The LL Innovin is a wine cluster which brings together nearly 180 industry players. It supports companies in their innovation projects and has successfully supported more than 100 projects since 20... | Innovin promotes the competitiveness of companies in the wine industry, and contributes to their economic development and maintaining of leadership position. | Creating an ecosystem where all the key private and public stakeholders are represented can help the region to mix current resources and create something new (products or industries).","72,72,14","The text spans provide clear evidence of innovation systems through references to clusters, innovation projects, and the creation of ecosystems involving stakeholders, which are all key components of fostering innovation networks and technological development.",0
doc_10,multilevel_governance,Multilevel Governance,present,0.9,3,"Finnish multi-level governance system. | negotiations and consultations between actors representing the national, regional and local level | subsidiarity of territorialisation.","13,20,91","The text spans contain multiple references to multilevel governance concepts, including explicit mentions of 'multi-level governance system', 'national, regional and local level', and 'subsidiarity', indicating a clear presence of the multilevel governance frame.",0
doc_12,market_based_instruments,Market-Based Instruments,present,0.9,3,"Payments for environmental services emerged in the 1990s as an instrument for conservation, especially of tropical forests (Pesche et al., 2013). | Adoption of such payments in agricultural policy was boosted by the FAO (2007) and the European Common Agricultural Policy (CAP), which both acknowledge the multifunctionality of agriculture and th... | Agri-environmental schemes (AES) under Pillar II of the CAP are an example of payments for environmental services.","8,8,8",The text spans provide clear references to 'payments for environmental services' and 'agri-environmental schemes' which are market-based instruments that utilize economic incentives to achieve environmental goals.,0
doc_12,regulatory_approach,Regulatory Approach,present,0.9,3,"monitoring and enforcing the contract requirements. | monitoring, enforcement of the contract and conflict resolution, or contract termination if conflicts are not resolved | the specifics of the measures and the payment per measure are pre-determined.","6,10,10","The text spans contain multiple references to monitoring, enforcing contract requirements, and predetermined conditions, which align with the regulatory approach frame.",0
doc_12,participatory_governance,Participatory Governance,absent,0.9,0,,,"The text spans provided do not contain any clear references to stakeholder participation, collaborative governance, or any related concepts. They primarily consist of technical references and tables without substantive content related to participatory governance.",0
doc_12,adaptive_management,Adaptive Management,present,0.9,3,"The collective uses the monitoring data to write a progress report for the evaluation talk with the province, which takes place in November. | This evaluation focuses on both the ecological monitoring and management, including any sanctions and adjustments made. | With these evaluations the timeline has reached the contact phase again, and the actors begin preparations for the next management year.","17,17,17","The text spans provide clear evidence of adaptive management through references to monitoring, evaluation, adjustments, and learning processes. Multiple quotes highlight the iterative nature of management and the emphasis on flexibility and learning.",0
doc_12,ecosystem_services,Ecosystem Services Framework,present,0.9,3,"the role of farmers as providers of environmental services | conservation and protection of natural habitats, biodiversity and rural landscapes through the use of sustainable agricultural practices | Ecosystem Services and Payments for Environmental Services: Two Sides of the Same Coin?","8,8,47","The text spans contain multiple references to ecosystem services, the role of biodiversity, and the management of natural habitats, which align with the ecosystem services framework.",0
doc_12,precautionary_principle,Precautionary Principle,absent,0.9,0,,,No relevant text spans found matching frame indicators,0
doc_12,innovation_systems,Innovation Systems,absent,0.9,0,,,No relevant text spans found matching frame indicators,0
doc_12,multilevel_governance,Multilevel Governance,absent,0.9,0,,,No relevant text spans found matching frame indicators,0
doc_14,market_based_instruments,Market-Based Instruments,absent,0.9,0,,,No relevant text spans found matching frame indicators,0
doc_14,regulatory_approach,Regulatory Approach,absent,0.9,0,,,No relevant text spans found matching frame indicators,0
doc_14,participatory_governance,Participatory Governance,present,0.9,3,"By engaging policymakers and experts in an iterative process, this study aims at: assessing and sharpening the Strategys vision (in terms of consensus level), and how this vision be realised, based... | The Delphi methodology was used as a tool to build consensus in a panel of experts composed of 26 EC policy makers, national policymakers, regional policymakers and other umbrella organisations. | Raising awareness and collaboration to involve actors from different levels and sectors.","1,1,2","The text spans provide clear evidence of stakeholder engagement and collaborative governance through the use of the Delphi methodology, iterative processes involving policymakers and experts, and the emphasis on raising awareness and collaboration among various actors.",0
doc_14,adaptive_management,Adaptive Management,insufficient_evidence,0.6,0,,,"The text mentions an 'iterative process' and the need for 'transformative change', which suggests some elements of adaptive management. However, there are no strong indicators of learning, monitoring, or feedback loops, and the evidence is not robust enough to confidently assert the presence of t...",0
doc_14,ecosystem_services,Ecosystem Services Framework,absent,0.9,0,,,"The text discusses the importance of conserving genetic resources and the need for a transformative change in agriculture and forestry, but it does not explicitly mention ecosystem services, natural capital, or any related concepts that would indicate the presence of the ecosystem services framew...",0
doc_14,precautionary_principle,Precautionary Principle,absent,0.9,0,,,No relevant text spans found matching frame indicators,0
doc_14,innovation_systems,Innovation Systems,absent,0.9,0,,,"The text does not contain clear references to innovation systems, technological development, or related keywords. While it mentions 'research' and 'intellectual property', these are not connected to a broader innovation framework or network, and there are no strong indicators of fostering innovat...",0
doc_14,multilevel_governance,Multilevel Governance,present,0.9,2,a policy vision outlining the European and national policy framework. | create a European policy and legal framework that synergises with existing European policy instruments and harnesses opportunities for developing national policies.,"2,2","The text spans clearly indicate a multilevel governance approach by referencing both European and national policy frameworks, suggesting coordination and cooperation across different jurisdictional levels.",0
doc_11,market_based_instruments,Market-Based Instruments,absent,0.0,0,,,"The text spans do not contain clear references to market mechanisms or economic incentives related to the frame of market-based instruments. There are mentions of governance frameworks and nature-based solutions, but no specific indicators or keywords associated with market-based instruments are ...",0
doc_11,regulatory_approach,Regulatory Approach,present,0.9,2,the strong enforcement of NFCP at the provincial level. | including more strictly managed wood checkpoints along major transportation routes across the province.,"75,75","The text spans contain multiple references to enforcement, regulation, and compliance measures related to illegal logging, indicating a clear regulatory approach.",0
doc_11,participatory_governance,Participatory Governance,present,0.95,3,"inclusive participatory processes emerged that shaped the outcome toward an NBS | Stakeholder engagement Stakeholders were consulted on each section of the Isar-Plan and were able to co-design implemented NBS. | the Isar-Plans stakeholder engagement, unique and innovative for its time, was widely perceived as one of the most successful aspects of the project.","5,44,45","The text spans provide clear evidence of stakeholder participation and engagement in governance processes, highlighting collaborative efforts and inclusive practices.",0
doc_11,adaptive_management,Adaptive Management,present,0.9,3,"flexibility in designing locally adaptive solutions. | implementation, monitoring and evaluation processes, supported by state-of-art technical expertise from research and practical partners. | Their approach was necessarily ad hoc and experimental.","123,123,45","The text spans provide clear evidence of adaptive management principles, including flexibility in solutions, iterative processes of monitoring and evaluation, and a focus on learning through experimentation.",0
doc_11,ecosystem_services,Ecosystem Services Framework,present,0.9,2,"Ecosystem Services: The direct and indirect contributions of ecosystems to human well-being (MEA, 2005). | Green infrastructure: A strategically planned network of natural and semi-natural areas with other environmental features designed and managed to deliver a wide range of ecosystem services (Baró et...","9,9","The text spans contain multiple references to ecosystem services, natural capital, and nature-based solutions, which are key components of the Ecosystem Services Framework.",0
doc_11,precautionary_principle,Precautionary Principle,present,0.9,2,"Because of this uncertainty, the farmer supported passive measures. | However, it has been difficult for the interviewees to foresee what measures will be exactly implemented in the future and when. Again, the uncertainty between","115,108","The text spans contain multiple references to uncertainty and the need for precautionary measures in the context of risk mitigation, which aligns with the precautionary principle.",0
doc_11,innovation_systems,Innovation Systems,present,0.9,2,"quadruple helix innovation network of companies, public agencies, universities, users, and other stakeholders | the quadruple helix of stakeholder groups (the private sector, public sector, civil society and expert community/academia) characterizing living labs","9,27","The text spans contain clear references to innovation networks, specifically the 'quadruple helix innovation network' and the 'quadruple helix of stakeholder groups', which indicate a focus on collaboration among various sectors to foster innovation.",0
doc_11,multilevel_governance,Multilevel Governance,present,0.95,3,"decisions are taken at different jurisdictional levels and scales (e.g., national, regional, global) through sometimes formally independent decision-centers | this created the need for cross-scale and cross-sectoral coordination and cooperation, embodied by the Isar working Group | Governance activities are organized in multiple layers of nested enterprises.","48,48,82","The text spans provide clear evidence of multilevel governance through references to jurisdictional levels, polycentric governance, and the need for coordination across different scales and sectors.",0
doc_15,market_based_instruments,Market-Based Instruments,absent,0.0,0,,,"The text spans do not contain clear references to market mechanisms, economic incentives, or any specific market-based instruments such as carbon pricing or emissions trading. The discussions focus more on environmental impacts and trade flows without mentioning market-based solutions.",0
doc_15,regulatory_approach,Regulatory Approach,present,0.9,1,"In the case of the EU, it has strong regulation and oversight at home, but its trade partners, often those in developing countries where the majority of the resource extraction takes place, do not ...",16,"The text spans provide clear references to 'regulations' and 'strong regulation and oversight', indicating a command-and-control regulatory approach. The mention of the EU tightening its regulations further supports the presence of this frame.",0
doc_15,participatory_governance,Participatory Governance,present,0.9,1,Ensure multi-stakeholder engagement and transdisciplinary research to find solutions to telecoupled impacts.,7,"The text spans contain multiple references to 'multi-stakeholder engagement' and 'participation', which are key indicators of participatory governance. The emphasis on collaboration and involvement of various stakeholders supports the presence of this frame.",0
doc_15,adaptive_management,Adaptive Management,absent,0.9,0,,,"The text spans do not contain clear evidence of adaptive management principles such as iterative adjustment, learning, or feedback loops in a management context. While there are mentions of feedback loops and complexity in supply chains, they do not explicitly relate to adaptive management as def...",0
doc_15,ecosystem_services,Ecosystem Services Framework,present,0.9,1,The environmental ambition of the Green Deal will not be achieved by Europe acting alone. The drivers of climate change and biodiversity loss are global and are not limited by national borders.,9,"The text spans contain multiple references to biodiversity and ecosystem services, particularly through the mention of the IPBES and the European Green Deal, which explicitly addresses environmental challenges and the need for sustainability.",0
doc_15,precautionary_principle,Precautionary Principle,absent,0.9,0,,,No relevant text spans found matching frame indicators,0
doc_15,innovation_systems,Innovation Systems,absent,0.9,0,,,No relevant text spans found matching frame indicators,0
doc_15,multilevel_governance,Multilevel Governance,present,0.9,1,the drivers of climate change and biodiversity loss are global and are not limited by national borders.,9,"The text clearly discusses the global nature of climate change and biodiversity loss, indicating a multilevel governance approach that transcends national borders. The mention of the EU's environmental footprint affecting other countries supports the idea of intergovernmental cooperation and juri...",0
doc_16,market_based_instruments,Market-Based Instruments,absent,0.9,0,,,The text spans discuss barriers and incentives for market diffusion of lignin-based products but do not provide clear evidence of market mechanisms or economic incentives as defined in the frame. There are no mentions of specific market-based instruments or economic incentives that align with the...,0
doc_16,regulatory_approach,Regulatory Approach,absent,0.9,0,,,"The text spans do not contain clear references to regulatory instruments such as mandates, requirements, compliance, or enforcement. Instead, they focus on performance assessments, application areas, and market diffusion without mentioning any command-and-control regulatory approaches.",0
doc_16,participatory_governance,Participatory Governance,absent,0.9,0,,,No relevant text spans found matching frame indicators,0
doc_16,adaptive_management,Adaptive Management,absent,0.9,0,,,No relevant text spans found matching frame indicators,0
doc_16,ecosystem_services,Ecosystem Services Framework,absent,0.9,0,,,No relevant text spans found matching frame indicators,0
doc_16,precautionary_principle,Precautionary Principle,insufficient_evidence,0.5,0,,,"The text mentions 'inherent uncertainty' which aligns with the precautionary principle, but it does not provide strong or clear evidence of precautionary actions or principles being explicitly stated. The references to risk and uncertainty are present but not robust enough to confidently assert t...",0
doc_16,innovation_systems,Innovation Systems,present,0.9,3,"Realizing bioeconomy and successfully implement new bio-based products and enter new markets requires new multiple conversion technologies, innovations as well as future-oriented research and devel... | An early implementation of market assessment during the R&D phase is believed to enable the guidance of further developments to the successful market entry of newly-developed lignin-based products. | The developed multi-method approach enabled the identification of specific barriers and incentives for the target products composites and resins already at a low TRL (TRL 1-3). An empirical researc...","5,7,25","The text spans contain multiple references to innovation, research and development (R&D), and the development of new products and technologies, indicating a focus on fostering innovation networks and technological development.",0
doc_16,multilevel_governance,Multilevel Governance,absent,0.9,0,,,No relevant text spans found matching frame indicators,0
doc_21,market_based_instruments,Market-Based Instruments,absent,0.9,0,,,"The text spans do not contain any clear references to market mechanisms, economic incentives, or specific market-based instruments such as carbon pricing or emissions trading. The discussions focus on environmental degradation, landscape management, and the impacts of human activities without men...",0
doc_21,regulatory_approach,Regulatory Approach,absent,0.9,0,,,"The text spans do not contain clear references to regulatory instruments such as regulations, standards, mandates, compliance, enforcement, or requirements. Instead, they focus on environmental changes, land use dynamics, and ecosystem restoration without mentioning any command-and-control regula...",0
doc_21,participatory_governance,Participatory Governance,present,0.9,1,"In order to ensure wide societal participation and impact, events at TERRANOVA consortium meetings will target key audiences, such as landowners and managers, governments, local communities, invest...",14,"The text clearly emphasizes stakeholder participation and engagement through the organization of events targeting various stakeholders, indicating a collaborative governance approach.",0
doc_21,adaptive_management,Adaptive Management,absent,0.9,0,,,No relevant text spans found matching frame indicators,0
doc_21,ecosystem_services,Ecosystem Services Framework,present,0.9,2,"Biodiversity is the foundation of life on Earth and it is essential to all ecosystem functions. | Biodiversity composition shapes the composition of landscapes and the multiple contributions of nature to people such as provision of food, water, energy and health.","8,8","The text spans contain multiple references to biodiversity and its essential role in ecosystem functions, as well as the contributions of nature to human well-being, which aligns with the ecosystem services framework.",0
doc_21,precautionary_principle,Precautionary Principle,absent,0.9,0,,,No relevant text spans found matching frame indicators,0
doc_21,innovation_systems,Innovation Systems,absent,0.9,0,,,No relevant text spans found matching frame indicators,0
doc_21,multilevel_governance,Multilevel Governance,absent,0.0,0,,,"The text spans provided do not contain any references or indicators related to multilevel governance, such as jurisdictional levels, governance cooperation, or decentralization.",0
doc_18,market_based_instruments,Market-Based Instruments,absent,0.9,0,,,"The text spans do not contain clear references to market mechanisms, economic incentives, or any of the specific keywords associated with market-based instruments. The focus is primarily on stakeholder engagement, education, and communication strategies without any mention of market-based policie...",0
doc_18,regulatory_approach,Regulatory Approach,absent,0.9,0,,,"The text spans do not contain clear references to regulatory instruments such as regulations, standards, mandates, compliance, enforcement, or requirements. Instead, they focus on challenges, stakeholder engagement, and the need for education and communication in the context of the bioeconomy.",0
doc_18,participatory_governance,Participatory Governance,present,0.95,3,"the support and active contribution of many different actors along value chains and their socio-political context. | both the general public (citizens and end-users) and key stakeholders (policy-makers, scientists, non-governmental organisations, civil society organisations, entrepreneurs, etc.) have to be involv... | BLOOM focused on involvement and engagement of all stakeholders, getting to know each other, enabling cross-fertilization and idea generation through shared knowledge and experiences.","7,7,8","The text spans contain multiple references to stakeholder engagement, involvement, and collaborative governance, indicating a strong presence of the participatory governance frame.",0
doc_18,adaptive_management,Adaptive Management,insufficient_evidence,0.6,0,,,"The text mentions the need for flexibility in outreach activities during the Covid-19 pandemic, which hints at adaptive management. However, it lacks clear indicators of iterative learning, monitoring, or feedback loops that are essential for a strong presence of the adaptive management frame.",0
doc_18,ecosystem_services,Ecosystem Services Framework,insufficient_evidence,0.9,0,,,"The text spans contain multiple references to ecosystem services, biodiversity, and the sustainable use of resources, indicating a clear presence of the ecosystem services framework. (Insufficient valid evidence quotes: 0 < 1)",0
doc_18,precautionary_principle,Precautionary Principle,absent,0.9,0,,,No relevant text spans found matching frame indicators,0
doc_18,innovation_systems,Innovation Systems,present,0.9,2,The co-creation phase has contributed to strengthen regional networks. | Instead the concept of clusters is very important.,"18,20","The text spans contain multiple references to innovation networks, regional networks, and the concept of clusters, which are key indicators of the innovation systems frame.",0
doc_18,multilevel_governance,Multilevel Governance,absent,0.9,0,,,"The text does not contain clear indicators of multilevel governance, such as references to multiple jurisdictional levels or specific terms related to governance structures. The focus is on communication and coordination without explicit mention of multilevel frameworks.",0
doc_22,market_based_instruments,Market-Based Instruments,absent,0.0,0,,,"The text spans do not contain clear references to market mechanisms, economic incentives, or any specific market-based instruments such as carbon pricing or emissions trading. While there are mentions of funding strategies and financing instruments, they do not explicitly connect to the market-ba...",0
doc_22,regulatory_approach,Regulatory Approach,present,0.9,2,"governmental institutions that prohibited him from building small retention reservoirs | top-down guidance and pressure from the EU through the changes in its own policy, regulations and enforcement is a critical lever","23,23","The text contains clear references to governmental prohibitions and the need for regulatory enforcement, indicating a command-and-control regulatory approach.",0
doc_22,participatory_governance,Participatory Governance,present,0.9,3,"Through a series of interviews and stakeholder engagement processes in the Glinščica catchment looking specifically at the adoption of NBS for flood risk management | co-development via public participation | public participation, community meetings, information sessions/workshops","22,17,17","The text spans contain multiple references to stakeholder engagement and public participation, indicating a clear emphasis on collaborative governance and community involvement.",0
doc_22,adaptive_management,Adaptive Management,insufficient_evidence,0.6,0,,,"While there are mentions of monitoring and evaluation, as well as tools developed for evidence-based decision making, the text does not provide strong, clear evidence of adaptive management principles such as iterative adjustment or learning by doing.",0
doc_22,ecosystem_services,Ecosystem Services Framework,present,0.9,3,"the difficulty of assigning economic value to ecosystem services is the primary obstacle for arranging funding, especially around cost- benefit analyses (CBA) which are normally a critical aspect o... | integrated CBA methodologies are need to capture all values. | Under investment in NBS is seen a failure, at large, of those looking to access financing to produce viable projects to sustain and pay back investment.","6,6,6","The text explicitly discusses the economic value of ecosystem services and the challenges in financing nature-based solutions (NBS), indicating a clear focus on ecosystem services and their valuation.",0
doc_22,precautionary_principle,Precautionary Principle,absent,0.9,0,,,No relevant text spans found matching frame indicators,0
doc_22,innovation_systems,Innovation Systems,absent,0.0,0,,,"The text spans do not contain clear references to innovation systems, technological development, or related keywords. There are mentions of development and infrastructure, but they do not align with the required elements of innovation, research, technology, or networks.",0
doc_22,multilevel_governance,Multilevel Governance,absent,0.9,0,,,"The text discusses project delivery and finance options but does not mention multilevel governance, jurisdictional levels, or any related concepts. There are no indicators of governance approaches spanning multiple jurisdictional levels.",0
doc_23,market_based_instruments,Market-Based Instruments,absent,0.9,0,,,No relevant text spans found matching frame indicators,0
doc_23,regulatory_approach,Regulatory Approach,absent,0.9,0,,,No relevant text spans found matching frame indicators,0
doc_23,participatory_governance,Participatory Governance,present,0.9,2,"The stakeholders interests are an important driver of XF- ACTORS. | a Stakeholder Board has been settled, with the participation of representatives of international and national Plant Protection and quarantine services, policymakers at the EU level, growers, produc...","4,4","The text clearly emphasizes stakeholder participation and engagement through the establishment of a Stakeholder Board and mentions the importance of stakeholders' interests, indicating a collaborative governance approach.",0
doc_23,adaptive_management,Adaptive Management,absent,0.9,0,,,No relevant text spans found matching frame indicators,0
doc_23,ecosystem_services,Ecosystem Services Framework,absent,0.9,0,,,No relevant text spans found matching frame indicators,0
doc_23,precautionary_principle,Precautionary Principle,absent,0.9,0,,,No relevant text spans found matching frame indicators,0
doc_23,innovation_systems,Innovation Systems,absent,0.9,0,,,No relevant text spans found matching frame indicators,0
doc_23,multilevel_governance,Multilevel Governance,absent,0.9,0,,,No relevant text spans found matching frame indicators,0
doc_20,market_based_instruments,Market-Based Instruments,absent,0.9,0,,,"The text spans do not contain any clear references to market mechanisms, economic incentives, or related keywords that would indicate the presence of the market-based instruments frame.",0
doc_20,regulatory_approach,Regulatory Approach,present,0.9,1,the proposed EU regulation on minimum requirements for water reuse (COM (2018/0169) 337 final),10,The text explicitly mentions a 'proposed EU regulation' which indicates a command-and-control regulatory approach. This is a clear indicator of the regulatory framework being discussed.,0
doc_20,participatory_governance,Participatory Governance,present,0.9,3,"a considerable part of MAGICs activity is to engage with decision-makers to explore paths of coproducing knowledge, skills, practices and possible institutional arrangements conducive to adaptive g... | the active participation by non-academics is needed, to help identify issues and debates where MuSIASEMs outputs may be particularly useful. | A keyword in the desired transition towards adaptive governance is coproduction. In its analytical sense, coproduction means that the futures of society, nature, knowledge and politics are entangled.","8,27,8","The text spans provide clear evidence of stakeholder participation and collaborative governance through phrases emphasizing engagement with decision-makers, the need for active participation by non-academics, and the concept of coproduction.",0
doc_20,adaptive_management,Adaptive Management,present,0.9,3,"the session ""Adaptive management and governance of the food-energy-water-environment Nexus"" | the QST approach does not lead to the governance of complexity, but to further iterations of the QST cycle. | the QST cycle is supposed to be an iterative process, which repeats itself.","11,14,14","The text spans contain multiple references to iterative processes and adaptive management, indicating a clear presence of the adaptive management frame.",0
doc_20,ecosystem_services,Ecosystem Services Framework,present,0.95,3,"Halt the loss of biodiversity and the degradation of ecosystem services | Biodiversity and the ecosystem services it provides its natural capital are protected, valued and appropriately restored | halt biodiversity loss and degradation of ecosystem services","19,19,19","The text spans contain multiple references to ecosystem services, biodiversity, and natural capital, indicating a clear alignment with the Ecosystem Services Framework.",0
doc_20,precautionary_principle,Precautionary Principle,absent,0.9,0,,,"The text discusses various energy storage options and mentions uncertainty regarding lithium-ion batteries, but it does not explicitly invoke the precautionary principle or related concepts such as risk aversion or preventive action.",0
doc_20,innovation_systems,Innovation Systems,absent,0.9,0,,,"The text discusses energy systems and technological changes but does not provide clear evidence of innovation networks, research and development, or other indicators related to the innovation systems frame.",0
doc_20,multilevel_governance,Multilevel Governance,present,0.9,1,systemic multi-level integrated assessment of these types of innovations,32,"The text explicitly mentions 'multi-level' in the context of an integrated assessment, indicating a governance approach that spans multiple jurisdictional levels.",0
doc_24,market_based_instruments,Market-Based Instruments,absent,0.9,0,,,"The text spans do not contain any references to market mechanisms, economic incentives, or related keywords that would indicate the presence of the market-based instruments frame.",0
doc_24,regulatory_approach,Regulatory Approach,absent,0.0,0,,,"The text spans do not contain clear evidence of traditional command-and-control regulatory instruments such as regulations, mandates, compliance requirements, or enforcement mechanisms. The references to EU regulation in Text Span 2 are not strong enough to indicate a regulatory approach as defined.",0
doc_24,participatory_governance,Participatory Governance,present,0.9,1,involves civil society in decision- making (arts. 6-8),13,"The text explicitly mentions the involvement of civil society in decision-making, which aligns with the participatory governance frame emphasizing stakeholder participation and collaborative governance.",0
doc_24,adaptive_management,Adaptive Management,insufficient_evidence,0.6,0,,,"While there are mentions of flexibility and integration of renewable energy systems, there is no clear, strong evidence of adaptive management principles such as iterative adjustment, learning, or feedback loops.",0
doc_24,ecosystem_services,Ecosystem Services Framework,absent,0.9,0,,,No relevant text spans found matching frame indicators,0
doc_24,precautionary_principle,Precautionary Principle,absent,0.9,0,,,No relevant text spans found matching frame indicators,0
doc_24,innovation_systems,Innovation Systems,absent,0.9,0,,,No relevant text spans found matching frame indicators,0
doc_24,multilevel_governance,Multilevel Governance,absent,0.9,0,,,"The text span does not contain any references or indicators related to multilevel governance, such as jurisdictional levels, governance approaches, or cooperation across different levels of government.",0
doc_27,market_based_instruments,Market-Based Instruments,absent,0.0,0,,,"The text spans do not contain any clear references to market mechanisms, economic incentives, or related keywords that would indicate the presence of the market-based instruments frame.",0
doc_27,regulatory_approach,Regulatory Approach,absent,0.9,0,,,No relevant text spans found matching frame indicators,0
doc_27,participatory_governance,Participatory Governance,absent,0.0,0,,,"The text does not contain any clear indicators of stakeholder participation or collaborative governance. There are no mentions of engagement, involvement, or inclusive practices that would suggest the presence of the participatory governance frame.",0
doc_27,adaptive_management,Adaptive Management,absent,0.9,0,,,No relevant text spans found matching frame indicators,0
doc_27,ecosystem_services,Ecosystem Services Framework,present,0.9,3,"the brief on Green infrastructure within agricultural landscapes strengthens the supply of ecosystem services | increasing landscape diversity through green infrastructure (GI) can improve the supply of ecosystem services | the brief on ""Policy tools to manage synergies and trade-offs between ecosystem services"" presents how the CONNECT, REGARDS, TALE and VITAL projects use optimization tools and participative approac...","3,3,3","The text explicitly discusses ecosystem services and their management through green infrastructure, providing multiple strong indicators of the ecosystem services framework.",0
doc_27,precautionary_principle,Precautionary Principle,absent,0.9,0,,,No relevant text spans found matching frame indicators,0
doc_27,innovation_systems,Innovation Systems,absent,0.9,0,,,No relevant text spans found matching frame indicators,0
doc_27,multilevel_governance,Multilevel Governance,absent,0.9,0,,,No relevant text spans found matching frame indicators,0
doc_28,market_based_instruments,Market-Based Instruments,absent,0.0,0,,,"The text spans provided do not contain any clear references to market mechanisms, economic incentives, or any of the specific keywords associated with market-based instruments. There are no mentions of carbon pricing, cap and trade, emissions trading, or similar concepts that would indicate the p...",0
doc_28,regulatory_approach,Regulatory Approach,absent,0.9,0,,,"The text spans do not contain any clear references to regulatory instruments, mandates, compliance, or enforcement. They focus on research needs and support for businesses without mentioning any regulatory frameworks.",0
doc_28,participatory_governance,Participatory Governance,present,0.9,2,"engage in intensive discussion and activity on a particular subject, generally within the frame of a request | create a casual and inclusive environment in which scientific topics can communicate and openly discussed","4,4","The text spans contain multiple references to engagement, inclusivity, and societal involvement, which align with the participatory governance frame.",0
doc_28,adaptive_management,Adaptive Management,absent,0.0,0,,,"The text discusses knowledge synthesis and reports aimed at informing decision-makers but does not provide clear evidence of adaptive management principles such as iterative adjustment, learning by doing, or flexibility.",0
doc_28,ecosystem_services,Ecosystem Services Framework,insufficient_evidence,0.9,0,,,"The text spans explicitly mention 'biodiversity and ecosystem services' multiple times, indicating a focus on valuing and managing these ecosystem services. The references to enabling policy makers to make evidence-based decisions further support the presence of the ecosystem services framework. ...",0
doc_28,precautionary_principle,Precautionary Principle,absent,0.9,0,,,No relevant text spans found matching frame indicators,0
doc_28,innovation_systems,Innovation Systems,absent,0.9,0,,,No relevant text spans found matching frame indicators,0
doc_28,multilevel_governance,Multilevel Governance,absent,0.9,0,,,No relevant text spans found matching frame indicators,0
doc_31,market_based_instruments,Market-Based Instruments,absent,0.9,0,,,No relevant text spans found matching frame indicators,0
doc_31,regulatory_approach,Regulatory Approach,absent,0.9,0,,,"The text spans do not contain clear references to regulatory instruments such as mandates, requirements, compliance, or enforcement. Instead, they focus on sustainability criteria and transformation towards a bio-based economy without indicating a command-and-control regulatory approach.",0
doc_31,participatory_governance,Participatory Governance,absent,0.9,0,,,"The text span does not contain any references to stakeholder participation, collaborative governance, or any related concepts. It primarily discusses biorefineries and sustainability assessments without mentioning engagement or involvement of stakeholders.",0
doc_31,adaptive_management,Adaptive Management,absent,0.0,0,,,"The text spans do not contain clear, strong evidence of adaptive management principles such as learning, flexibility, iterative processes, or feedback loops. While there are mentions of flexibility and sustainability, they do not explicitly indicate an adaptive management approach.",0
doc_31,ecosystem_services,Ecosystem Services Framework,insufficient_evidence,0.6,0,,,"While there are mentions of biodiversity and sustainability, the text does not provide clear, strong evidence of valuing and managing ecosystem services as defined in the frame. The references to biodiversity and ecological extraction limits are too vague and do not explicitly connect to the broa...",0
doc_31,precautionary_principle,Precautionary Principle,absent,0.9,0,,,No relevant text spans found matching frame indicators,0
doc_31,innovation_systems,Innovation Systems,insufficient_evidence,0.6,0,,,"The text mentions 'research and development' and 'technologies and processes', which are weak indicators of the innovation systems frame. However, there are no strong, clear connections to the required elements or multiple supporting quotes that would confirm the presence of the frame.",0
doc_31,multilevel_governance,Multilevel Governance,absent,0.9,0,,,No relevant text spans found matching frame indicators,0
doc_26,market_based_instruments,Market-Based Instruments,absent,0.0,0,,,"The text does not contain any references to market mechanisms, economic incentives, or related keywords that would indicate the presence of the market-based instruments frame.",0
doc_26,regulatory_approach,Regulatory Approach,absent,0.9,0,,,"The text spans do not contain clear references to traditional command-and-control regulatory instruments such as regulation, standard, mandate, compliance, enforcement, or requirements. Instead, they discuss broader themes of strategic planning and collaboration without specific regulatory language.",0
doc_26,participatory_governance,Participatory Governance,present,0.95,3,allowing stakeholders to position themselves strategically in participatory activities. | Enable regional multi-actor partnerships to formulate inclusive bioeconomy strategies and roadmaps. | facilitate the participatory development of regional bioeconomy strategies and roadmaps,"1,1,2","The text spans provide clear evidence of participatory governance through multiple references to stakeholder engagement, participatory processes, and inclusive strategies involving various groups.",0
doc_26,adaptive_management,Adaptive Management,absent,0.9,0,,,No relevant text spans found matching frame indicators,0
doc_26,ecosystem_services,Ecosystem Services Framework,absent,0.9,0,,,No relevant text spans found matching frame indicators,0
doc_26,precautionary_principle,Precautionary Principle,absent,0.9,0,,,No relevant text spans found matching frame indicators,0
doc_26,innovation_systems,Innovation Systems,present,0.9,3,"Working with local innovation clusters and accelerators amplifies messaging and helps incorporate the youth in bioeconomy market development and innovation. | Rationales for promoting knowledge exchange include a) stimulating innovation and entrepreneurship; b) supporting rural or regional development; and c) enhancing democracy. | the strategy development processes were largely supported by such existing networks, namely by regional clusters and Fisheries Local Action Groups (FLAGs)","6,8,12","The text spans provide clear evidence of the presence of the innovation systems frame through multiple references to innovation networks, knowledge sharing, and the role of clusters in fostering regional development.",0
doc_26,multilevel_governance,Multilevel Governance,absent,0.0,0,,,"The text discusses local partners and regional development but does not explicitly mention multilevel governance, jurisdictional cooperation, or any of the required elements for the frame.",0
doc_3,market_based_instruments,Market-Based Instruments,insufficient_evidence,0.6,0,,,"While there are mentions of Payments for Ecosystem Services (PES) and references to market mechanisms, the text does not provide clear, strong evidence of market-based instruments as defined. The references to PES are not explicitly tied to market mechanisms or economic incentives in a way that m...",0
doc_3,regulatory_approach,Regulatory Approach,absent,0.9,0,,,"The text spans do not contain clear evidence of traditional command-and-control regulatory instruments such as regulation, standard, mandate, compliance, enforcement, or requirement. While there are discussions about policy instruments and frameworks, they do not explicitly mention regulatory app...",0
doc_3,participatory_governance,Participatory Governance,present,0.9,3,"transparent and inclusive for the respective policy stakeholders and societal groups. | Participation should, as in all PES programmes, be guided by the principle of voluntariness. | Engaging with stakeholders across sectors and policy levels is key for supporting innovations for the supply of multiple FES.","23,24,25","The text spans contain multiple references to stakeholder participation, inclusivity, and collaborative governance, indicating a strong presence of the participatory governance frame.",0
doc_3,adaptive_management,Adaptive Management,insufficient_evidence,0.6,0,,,"The text spans mention flexibility and the need for adaptation, but they do not provide strong, clear evidence of adaptive management principles such as iterative learning, feedback loops, or continuous improvement.",0
doc_3,ecosystem_services,Ecosystem Services Framework,present,0.9,3,sustainable supply of and payment for forest ecosystem services | sustainable provision of multiple forest ecosystem services | Governing Europes forests for multiple ecosystem services,"1,2,5","The text spans explicitly mention 'forest ecosystem services' and discuss the sustainable provision and governance of these services, indicating a clear alignment with the ecosystem services framework.",0
doc_3,precautionary_principle,Precautionary Principle,insufficient_evidence,0.6,0,,,"While there are mentions of 'uncertainty' in the context of climate change adaptation and carbon emissions, there are no clear, strong indicators of the precautionary principle being explicitly applied or emphasized in the provided text spans.",0
doc_3,innovation_systems,Innovation Systems,insufficient_evidence,0.5,0,,,"While there are mentions of innovation and entrepreneurship in the context of forestry, the evidence is not strong enough to clearly indicate a focus on fostering innovation networks or technological development as defined in the frame. The references to innovation trends and rural entrepreneurs ...",0
doc_3,multilevel_governance,Multilevel Governance,present,0.9,1,"Forests, at the EU and national policy levels, are subject to a striking diversity of societal demands",22,"The text spans clearly indicate governance approaches that involve multiple jurisdictional levels, specifically mentioning 'sub-national policy' and 'EU and national policy levels', which align with the multilevel governance frame.",0
doc_30,market_based_instruments,Market-Based Instruments,absent,0.0,0,,,"The text spans do not contain any references to market mechanisms, economic incentives, or related keywords that would indicate the presence of the market-based instruments frame.",0
doc_30,regulatory_approach,Regulatory Approach,absent,0.0,0,,,"The text spans do not contain clear evidence of traditional command-and-control regulatory instruments such as regulations, mandates, compliance, or enforcement. Instead, they focus on promoting coordination, clarifying requirements, and ensuring interoperability without invoking regulatory langu...",0
doc_30,participatory_governance,Participatory Governance,insufficient_evidence,0.6,0,,,"The text mentions stakeholders discussing responsibilities and the need for cooperation, which hints at participation and collaborative governance. However, it lacks clear, strong evidence of stakeholder engagement or inclusive processes as defined in the frame.",0
doc_30,adaptive_management,Adaptive Management,absent,0.9,0,,,"The text spans discuss principles for data management and collaboration among stakeholders but do not provide clear evidence of adaptive management concepts such as iterative processes, learning, or feedback loops.",0
doc_30,ecosystem_services,Ecosystem Services Framework,present,0.9,3,a global biodiversity observation network should contribute with data to effective management policies for the worlds biodiversity and ecosystem services. | a key mechanism for studying and reporting on biodiversity change is the concept of Essential Biodiversity Variables (EBVs). EBVs are a minimum set of critical variables representing different dime... | Processed EBV datasets for each dimension (class) provide the basis for developing high-level indicators of biodiversity.,"7,7,7","The text spans contain multiple references to ecosystem services, biodiversity, and ecosystem function, which are key components of the Ecosystem Services Framework. The quotes provided demonstrate a clear focus on managing and valuing biodiversity and ecosystem services.",0
doc_30,precautionary_principle,Precautionary Principle,absent,0.9,0,,,"The text discusses data integration and statistical modeling but does not mention precaution, uncertainty, or risk aversion in a way that aligns with the precautionary principle.",0
doc_30,innovation_systems,Innovation Systems,absent,0.9,0,,,No relevant text spans found matching frame indicators,0
doc_30,multilevel_governance,Multilevel Governance,present,0.9,3,"Policy recommendations are for audiences at the national, regional and international level. | Recommend that legislation is effective for opening up and sharing data, and for cross-border data use in the countries and economies where it is still not yet fully implemented. | But it also depends on the ability of national and international policy bodies to provide guidance on priorities, and on removing legal and financial barriers for cooperation.","11,12,7","The text spans clearly reference multiple levels of governance, including national, regional, and international levels, indicating a multilevel governance framework. The presence of terms like 'national', 'regional', 'international', and 'cross-border' supports this assessment.",0
doc_32,market_based_instruments,Market-Based Instruments,absent,0.9,0,,,"The text spans do not contain any references to market mechanisms, economic incentives, or related keywords that would indicate the presence of the market-based instruments frame.",0
doc_32,regulatory_approach,Regulatory Approach,absent,0.9,0,,,"The text spans provided do not contain any clear references to regulatory instruments such as regulations, standards, mandates, compliance, enforcement, or requirements. The content primarily consists of acronyms and project-related information without any mention of command-and-control regulator...",0
doc_32,participatory_governance,Participatory Governance,insufficient_evidence,0.6,0,,,"While there are mentions of stakeholders and consensus-based processes, the evidence does not strongly indicate a clear emphasis on participatory governance as defined. The references to stakeholders and consensus are present, but they are not robust enough to confidently assert the frame's prese...",0
doc_32,adaptive_management,Adaptive Management,absent,0.9,0,,,No relevant text spans found matching frame indicators,0
doc_32,ecosystem_services,Ecosystem Services Framework,absent,0.9,0,,,No relevant text spans found matching frame indicators,0
doc_32,precautionary_principle,Precautionary Principle,absent,0.9,0,,,No relevant text spans found matching frame indicators,0
doc_32,innovation_systems,Innovation Systems,present,0.9,3,Make the bridge between RDI and industry | Finalize development of tools that can be used by stakeholders | Development of applications to support the new standards,"11,11,11","The text discusses activities related to research and development (RDI), networking, and the connection between EU-funded research and standardization, which aligns with the innovation systems frame.",0
doc_32,multilevel_governance,Multilevel Governance,absent,0.9,0,,,No relevant text spans found matching frame indicators,0
doc_34,market_based_instruments,Market-Based Instruments,absent,0.9,0,,,"The text spans discuss agricultural practices, intercropping, and ecological transitions but do not provide clear evidence of market mechanisms or economic incentives related to the frame of market-based instruments.",0
doc_34,regulatory_approach,Regulatory Approach,absent,0.0,0,,,"The text spans do not contain any clear references to regulatory instruments such as regulations, standards, mandates, compliance, enforcement, or requirements. The content focuses on agricultural practices and research without mentioning any command-and-control regulatory approaches.",0
doc_34,participatory_governance,Participatory Governance,absent,0.9,0,,,No relevant text spans found matching frame indicators,0
doc_34,adaptive_management,Adaptive Management,insufficient_evidence,0.6,0,,,"The text discusses the need for on-farm trials and variability in farm characteristics, which suggests some elements of adaptive management. However, it lacks clear, strong evidence of iterative learning, flexibility, or a feedback loop, making it insufficient for a confident assessment.",0
doc_34,ecosystem_services,Ecosystem Services Framework,insufficient_evidence,0.9,0,,,"The text spans explicitly discuss the restoration of agro-biodiversity and the potential of intercropping to enhance biodiversity while reducing pesticide use, which aligns with the ecosystem services framework. (Insufficient valid evidence quotes: 0 < 1)",0
doc_34,precautionary_principle,Precautionary Principle,absent,0.9,0,,,No relevant text spans found matching frame indicators,0
doc_34,innovation_systems,Innovation Systems,insufficient_evidence,0.6,0,,,"The text spans mention concepts related to innovation and collaboration, such as 'engagement in participatory research' and 'rural innovation', but do not provide strong, clear evidence of a comprehensive innovation system framework. The references to projects and practices suggest some elements ...",0
doc_34,multilevel_governance,Multilevel Governance,absent,0.9,0,,,No relevant text spans found matching frame indicators,0
doc_33,market_based_instruments,Market-Based Instruments,absent,0.9,0,,,"The text spans do not contain clear references to market mechanisms, economic incentives, or any of the specific keywords associated with market-based instruments. While there are discussions about incentives and contracts, they do not explicitly connect to market-based instruments as defined.",0
doc_33,regulatory_approach,Regulatory Approach,present,0.9,3,"production, distribution and marketing of organic products are governed by a number of rules and regulations at EU level. | Only products that have been certified as organic by an authorised control agency or body can be labelled with the organic logo. | on top of the requirements for organic products additional specific environmental/climate aspects are targeted.","24,24,24","The text spans contain multiple references to 'rules and regulations' governing organic products, as well as 'requirements' for organic certification, which align with the regulatory approach frame.",0
doc_33,participatory_governance,Participatory Governance,present,0.9,3,"Setting up a collective approach requires involvement of a broad range of potential actors (farmers, NGOs, landowners, public administration, private bodies, advisory services), often not yet used ... | Existence of collective institutions already in place (e.g. cooperatives, farmers associations, technical associations) is therefore an important facilitator for the implementation of collective co... | But also, acceptance at local level is of utmost importance as participation by practitioners is on voluntary basis.","18,18,9","The text spans provide clear evidence of stakeholder participation and collaborative governance through mentions of collective approaches, involvement of a broad range of actors, and the importance of local acceptance for participation.",0
doc_33,adaptive_management,Adaptive Management,present,0.9,2,"the crucial point is the flexibility of practices connected to a reasonable degree of monitoring. | excessive constraints may discourage participation, it is important that prescriptions are restricted to simple items that are easy to monitor.","11,11","The text spans contain multiple references to flexibility and monitoring, which are key components of the adaptive management framework. The emphasis on flexibility in practices and the need for monitoring supports the presence of this frame.",0
doc_33,ecosystem_services,Ecosystem Services Framework,present,0.9,3,"the value of forest-environment and climate services | non-market services, such as carbon sequestration and storage, biodiversity, water quality and soil quality | result-based contracts target just one AECPG. The AECPG that is most often targeted is biodiversity; since some years and with a fast growth carbon sequestration is also targeted","15,15,12","The text spans contain multiple references to ecosystem services, including biodiversity, carbon sequestration, and environmental outcomes, which align with the Ecosystem Services Framework.",0
doc_33,precautionary_principle,Precautionary Principle,insufficient_evidence,0.6,0,,,"The text mentions 'uncertainty' in relation to result-based contracts, indicating a concern for caution. However, it does not explicitly reference the precautionary principle or provide strong evidence of risk aversion or preventive action.",0
doc_33,innovation_systems,Innovation Systems,absent,0.9,0,,,No relevant text spans found matching frame indicators,0
doc_33,multilevel_governance,Multilevel Governance,absent,0.9,0,,,No relevant text spans found matching frame indicators,0
doc_4,market_based_instruments,Market-Based Instruments,absent,0.9,0,,,"The text does not contain any clear references to market mechanisms, economic incentives, or related keywords that would indicate the presence of the market-based instruments frame.",0
doc_4,regulatory_approach,Regulatory Approach,present,0.9,1,"these policies or laws concern nature conservation (e.g. EUs Biodiversity Strategy, EUs Birds and Habitats Directives, Natura 2000), climate action and renewable energy (e.g. EU Regulation on Land ...",2,"The text explicitly mentions 'EU Regulation' and 'policies or laws', indicating a regulatory approach. The presence of terms like 'requirement' and 'mandate' in the context of compliance with EU regulations supports the identification of the regulatory approach frame.",0
doc_4,participatory_governance,Participatory Governance,absent,0.9,0,,,No relevant text spans found matching frame indicators,0
doc_4,adaptive_management,Adaptive Management,absent,0.9,0,,,No relevant text spans found matching frame indicators,0
doc_4,ecosystem_services,Ecosystem Services Framework,present,0.9,2,the economic valuation of forest ecosystems including information about the whole value chain from forest management to timber products | policy makers and stakeholders primarily demand information on forest resources and biodiversity,"3,2","The text spans contain multiple references to the valuation of forest ecosystems, biodiversity, and the demand for information on forest resources, which align with the ecosystem services framework.",0
doc_4,precautionary_principle,Precautionary Principle,absent,0.9,0,,,No relevant text spans found matching frame indicators,0
doc_4,innovation_systems,Innovation Systems,absent,0.9,0,,,No relevant text spans found matching frame indicators,0
doc_4,multilevel_governance,Multilevel Governance,present,0.9,2,cross-sectoral and multi-level cooperation on both the supply and the demand side of forest information. | Enhance cross-sectoral and multi-level coordination and communication to further improve forest information harmonization at EU level.,"3,3","The text spans clearly indicate the presence of multilevel governance through the use of terms like 'multi-level cooperation' and 'multi-level coordination', which align with the frame definition.",0
doc_35,market_based_instruments,Market-Based Instruments,absent,0.9,0,,,"The text spans discuss legal frameworks, responsibilities, and financial support measures but do not provide clear evidence of market mechanisms or economic incentives as defined in the frame. There are no mentions of terms like carbon pricing, cap and trade, or other specific market-based instru...",0
doc_35,regulatory_approach,Regulatory Approach,present,0.9,3,"flexible and dynamic measures and regulations to comply with the demands of each single step within the value chain | Possible measures to strengthen and to integrate biomass of LCMW into existing value chains are renewable energy mandates, CHP mandates, emission legislations, requirements for best available techn... | needs support by regulations and other political concepts","13,19,19","The text spans contain multiple references to 'regulations', 'mandates', and 'requirements', indicating a clear presence of a regulatory approach.",0
doc_35,participatory_governance,Participatory Governance,insufficient_evidence,0.9,0,,,"The text spans contain multiple references to stakeholder involvement and public participation, indicating a clear emphasis on collaborative governance and stakeholder engagement. (Insufficient valid evidence quotes: 0 < 1)",0
doc_35,adaptive_management,Adaptive Management,present,0.9,2,"necessary permissions need flexible adaptations and should be adjusted to regional demands without great efforts. | the feedstock from LCMW needs great flexibility as it is inhomogeneous scattered, seasonally fluctuating and might present low qualities.","23,23","The text emphasizes the need for flexibility and adjustments in permissions and regulations to accommodate the variability of the feedstock, which aligns with the principles of adaptive management.",0
doc_35,ecosystem_services,Ecosystem Services Framework,absent,0.9,0,,,No relevant text spans found matching frame indicators,0
doc_35,precautionary_principle,Precautionary Principle,absent,0.9,0,,,"The text discusses the diversity and heterogeneity of biomass and the challenges faced by actors in handling it, but it does not explicitly mention the precautionary principle, precaution, uncertainty in a way that aligns with the required elements of the frame. There are mentions of uncertainty,...",0
doc_35,innovation_systems,Innovation Systems,present,0.9,2,"Realise research funds, R&D support for process/technique development and optimisation | Research funds are an indirect measure, which raises the efficiency by supporting developments, which in turn create new jobs and further stimulate cooperation between different target groups.","21,27","The text spans contain multiple references to research and development (R&D), financial support for innovation, and the importance of networking among actors in the value chain, which align with the innovation systems frame.",0
doc_35,multilevel_governance,Multilevel Governance,absent,0.9,0,,,No relevant text spans found matching frame indicators,0
doc_36,market_based_instruments,Market-Based Instruments,absent,0.9,0,,,"The text discusses extended producer responsibility and recycling practices but does not mention any market mechanisms, economic incentives, or related keywords that would indicate the presence of market-based instruments.",0
doc_36,regulatory_approach,Regulatory Approach,present,0.9,2,"set ambitious recycling targets, banned certain single-use plastics, and expanded eco-design requirements for large electronic appliances to enhance their repairability and recyclability. | Other waste streams with clear export bans, like e-waste, still find loopholes to cross legal and physical boundaries.","1,3","The text contains clear references to regulatory actions such as setting recycling targets, banning single-use plastics, and establishing export bans, which align with the regulatory approach frame.",0
doc_36,participatory_governance,Participatory Governance,present,0.9,2,"More pluralism, democracy, and inclusiveness the development and implementation of CE policies is needed so that they better address the manyfold perspectives on what a CE transition should look li... | some social movements, NGOs, and governments are proposing a more socially inclusive, fair, and democratic transition to a circular future.","4,2","The text spans emphasize the need for inclusiveness, democracy, and stakeholder engagement in the development and implementation of circular economy policies, which aligns with the participatory governance frame.",0
doc_36,adaptive_management,Adaptive Management,absent,0.9,0,,,No relevant text spans found matching frame indicators,0
doc_36,ecosystem_services,Ecosystem Services Framework,absent,0.9,0,,,"The text discusses circular economy (CE) policies and their implications but does not mention ecosystem services, natural capital, biodiversity, or any related concepts that would indicate the presence of the ecosystem services framework.",0
doc_36,precautionary_principle,Precautionary Principle,absent,0.9,0,,,No relevant text spans found matching frame indicators,0
doc_36,innovation_systems,Innovation Systems,absent,0.9,0,,,"The text does not contain any clear references to innovation systems, technological development, or related keywords. It discusses circular economy (CE) concepts but lacks specific indicators of innovation networks or technology transfer.",0
doc_36,multilevel_governance,Multilevel Governance,absent,0.9,0,,,No relevant text spans found matching frame indicators,0
doc_6_1,market_based_instruments,Market-Based Instruments,absent,0.9,0,,,No relevant text spans found matching frame indicators,0
doc_6_1,regulatory_approach,Regulatory Approach,absent,0.9,0,,,"The text does not contain any clear references to regulatory instruments such as regulation, standard, mandate, compliance, enforcement, or any other keywords associated with a regulatory approach.",0
doc_6_1,participatory_governance,Participatory Governance,absent,0.9,0,,,"The text does not contain clear evidence of stakeholder participation or collaborative governance. While it mentions consultation with stakeholders, it lacks the necessary emphasis on engagement and collaborative approaches required for the participatory governance frame.",0
doc_6_1,adaptive_management,Adaptive Management,absent,0.9,0,,,No relevant text spans found matching frame indicators,0
doc_6_1,ecosystem_services,Ecosystem Services Framework,absent,0.9,0,,,"The text span discusses various indicators related to the bioeconomy, but does not explicitly mention ecosystem services, natural capital, or any related concepts that would indicate the presence of the ecosystem services framework.",0
doc_6_1,precautionary_principle,Precautionary Principle,absent,0.9,0,,,No relevant text spans found matching frame indicators,0
doc_6_1,innovation_systems,Innovation Systems,insufficient_evidence,0.5,0,,,"While there are mentions of innovation and patents, the text does not provide a clear, strong framework focused on fostering innovation networks or technological development. The references to innovation and patents are not sufficiently robust to confidently assert the presence of the innovation ...",0
doc_6_1,multilevel_governance,Multilevel Governance,absent,0.9,0,,,No relevant text spans found matching frame indicators,0
doc_6_6,market_based_instruments,Market-Based Instruments,absent,0.9,0,,,No relevant text spans found matching frame indicators,0
doc_6_6,regulatory_approach,Regulatory Approach,absent,0.0,0,,,"The text does not contain any clear references to regulatory instruments, mandates, compliance, or enforcement. It focuses on stakeholder engagement, data collection, and modeling without mentioning any regulatory approaches.",0
doc_6_6,participatory_governance,Participatory Governance,absent,0.9,0,,,No relevant text spans found matching frame indicators,0
doc_6_6,adaptive_management,Adaptive Management,absent,0.9,0,,,No relevant text spans found matching frame indicators,0
doc_6_6,ecosystem_services,Ecosystem Services Framework,absent,0.9,0,,,No relevant text spans found matching frame indicators,0
doc_6_6,precautionary_principle,Precautionary Principle,absent,0.9,0,,,No relevant text spans found matching frame indicators,0
doc_6_6,innovation_systems,Innovation Systems,absent,0.9,0,,,No relevant text spans found matching frame indicators,0
doc_6_6,multilevel_governance,Multilevel Governance,absent,0.0,0,,,"The text does not contain any references or indicators related to multilevel governance, such as jurisdictional levels, governance cooperation, or decentralization.",0
doc_6_4,market_based_instruments,Market-Based Instruments,absent,0.9,0,,,No relevant text spans found matching frame indicators,0
doc_6_4,regulatory_approach,Regulatory Approach,absent,0.0,0,,,"The text spans provided do not contain any references to regulatory instruments, compliance, enforcement, or any of the required elements associated with the regulatory approach frame.",0
doc_6_4,participatory_governance,Participatory Governance,absent,0.9,0,,,No relevant text spans found matching frame indicators,0
doc_6_4,adaptive_management,Adaptive Management,absent,0.9,0,,,"The text does not contain any references or indicators related to adaptive management, such as learning, flexibility, iterative processes, or feedback mechanisms.",0
doc_6_4,ecosystem_services,Ecosystem Services Framework,absent,0.9,0,,,No relevant text spans found matching frame indicators,0
doc_6_4,precautionary_principle,Precautionary Principle,absent,0.9,0,,,No relevant text spans found matching frame indicators,0
doc_6_4,innovation_systems,Innovation Systems,absent,0.9,0,,,No relevant text spans found matching frame indicators,0
doc_6_4,multilevel_governance,Multilevel Governance,absent,0.9,0,,,No relevant text spans found matching frame indicators,0
doc_6_2,market_based_instruments,Market-Based Instruments,absent,0.9,0,,,No relevant text spans found matching frame indicators,0
doc_6_2,regulatory_approach,Regulatory Approach,absent,0.9,0,,,"The text spans do not contain clear references to traditional command-and-control regulatory instruments such as regulation, standards, mandates, compliance, enforcement, or requirements. Instead, they focus on policy interventions related to sustainability and environmental factors without indic...",0
doc_6_2,participatory_governance,Participatory Governance,absent,0.9,0,,,No relevant text spans found matching frame indicators,0
doc_6_2,adaptive_management,Adaptive Management,absent,0.9,0,,,No relevant text spans found matching frame indicators,0
doc_6_2,ecosystem_services,Ecosystem Services Framework,absent,0.9,0,,,No relevant text spans found matching frame indicators,0
doc_6_2,precautionary_principle,Precautionary Principle,absent,0.9,0,,,No relevant text spans found matching frame indicators,0
doc_6_2,innovation_systems,Innovation Systems,absent,0.9,0,,,"The text span does not contain any references to innovation systems, research and development, or related concepts. It primarily discusses bioeconomy and algorithmic models without mentioning innovation networks or technological development.",0
doc_6_2,multilevel_governance,Multilevel Governance,absent,0.9,0,,,No relevant text spans found matching frame indicators,0
doc_8,market_based_instruments,Market-Based Instruments,absent,0.9,0,,,No relevant text spans found matching frame indicators,0
doc_8,regulatory_approach,Regulatory Approach,absent,0.9,0,,,No relevant text spans found matching frame indicators,0
doc_8,participatory_governance,Participatory Governance,absent,0.9,0,,,No relevant text spans found matching frame indicators,0
doc_8,adaptive_management,Adaptive Management,absent,0.9,0,,,No relevant text spans found matching frame indicators,0
doc_8,ecosystem_services,Ecosystem Services Framework,absent,0.9,0,,,No relevant text spans found matching frame indicators,0
doc_8,precautionary_principle,Precautionary Principle,absent,0.9,0,,,No relevant text spans found matching frame indicators,0
doc_8,innovation_systems,Innovation Systems,absent,0.9,0,,,No relevant text spans found matching frame indicators,0
doc_8,multilevel_governance,Multilevel Governance,absent,0.9,0,,,No relevant text spans found matching frame indicators,0
doc_6_3,market_based_instruments,Market-Based Instruments,absent,0.9,0,,,"The text does not contain any clear references to market mechanisms, economic incentives, or related keywords that would indicate the presence of the market-based instruments frame.",0
doc_6_3,regulatory_approach,Regulatory Approach,absent,0.9,0,,,"The text spans do not contain clear references to regulatory instruments such as mandates, requirements, compliance, or enforcement. Instead, they discuss support policies and market dynamics without indicating a command-and-control regulatory approach.",0
doc_6_3,participatory_governance,Participatory Governance,absent,0.9,0,,,No relevant text spans found matching frame indicators,0
doc_6_3,adaptive_management,Adaptive Management,absent,0.9,0,,,No relevant text spans found matching frame indicators,0
doc_6_3,ecosystem_services,Ecosystem Services Framework,absent,0.9,0,,,"The text spans discuss bioeconomy, sustainable resource management, and the EU's Green Deal, but do not explicitly mention ecosystem services, natural capital, or related concepts that would indicate the presence of the ecosystem services framework.",0
doc_6_3,precautionary_principle,Precautionary Principle,absent,0.9,0,,,No relevant text spans found matching frame indicators,0
doc_6_3,innovation_systems,Innovation Systems,absent,0.9,0,,,No relevant text spans found matching frame indicators,0
doc_6_3,multilevel_governance,Multilevel Governance,absent,0.9,0,,,No relevant text spans found matching frame indicators,0
doc_6_7,market_based_instruments,Market-Based Instruments,absent,0.9,0,,,No relevant text spans found matching frame indicators,0
doc_6_7,regulatory_approach,Regulatory Approach,absent,0.9,0,,,"The text does not contain any clear references to regulatory instruments, mandates, compliance, or enforcement. It discusses sustainability impacts and knowledge gaps without mentioning any regulatory frameworks or requirements.",0
doc_6_7,participatory_governance,Participatory Governance,absent,0.9,0,,,No relevant text spans found matching frame indicators,0
doc_6_7,adaptive_management,Adaptive Management,absent,0.9,0,,,No relevant text spans found matching frame indicators,0
doc_6_7,ecosystem_services,Ecosystem Services Framework,absent,0.9,0,,,"The text spans discuss impacts on the natural environment and mention ecosystem services, but do not provide clear, strong evidence of valuing or managing ecosystem services as defined in the frame. There are no explicit references to ecosystem valuation or the required elements.",0
doc_6_7,precautionary_principle,Precautionary Principle,absent,0.9,0,,,No relevant text spans found matching frame indicators,0
doc_6_7,innovation_systems,Innovation Systems,absent,0.9,0,,,No relevant text spans found matching frame indicators,0
doc_6_7,multilevel_governance,Multilevel Governance,absent,0.9,0,,,No relevant text spans found matching frame indicators,0
doc_7,market_based_instruments,Market-Based Instruments,absent,0.0,0,,,"The text spans do not contain any clear references to market mechanisms, economic incentives, or related keywords that would indicate the presence of the market-based instruments frame.",0
doc_7,regulatory_approach,Regulatory Approach,present,0.9,3,"with the approval of the Regulation on Invasive Alien Species | with the approval of the Regulation on Invasive Alien Species | Other directives such as the Birds Directive, Habitat Directive, Regulation on Invasive Alien Species","4,9,14",The text spans contain multiple references to 'Regulation on Invasive Alien Species' which indicates the presence of a regulatory approach. This is supported by the mention of directives and the context of compliance and enforcement related to biodiversity legislation.,0
doc_7,participatory_governance,Participatory Governance,present,0.9,3,"brought together key policy-makers and stakeholders to engage in an informed debate | gather scientists, policy-makers, civil society and stakeholders to discuss perspectives on future biodiversity frameworks and targets | gather scientists, policy-makers, civil society and stakeholders to discuss perspectives on future biodiversity frameworks and targets","5,5,9","The text spans clearly emphasize stakeholder participation and collaborative governance through multiple mentions of bringing together key policy-makers, stakeholders, and civil society to engage in discussions and debates, indicating a participatory governance approach.",0
doc_7,adaptive_management,Adaptive Management,absent,0.0,0,,,"The text discusses the importance of data collection and analysis for evidence-based management but does not explicitly mention adaptive management, learning, flexibility, or iterative processes. There are no clear indicators of the required elements for the adaptive management frame.",0
doc_7,ecosystem_services,Ecosystem Services Framework,present,0.9,2,"Ecosystems provide essential goods and services to human society. Ecosystem services are those benefits that ecosystems provide to humans, such as clean air and water, raw materials, food, recreati... | Protected Areas, such as UNESCO Natural Heritage sites and national parks, often include critical, diverse and endangered ecosystems and play a central role for conservation in our rapidly changing...","12,12","The text explicitly discusses 'ecosystem services' and their benefits to human society, which aligns with the Ecosystem Services Framework. It also mentions the role of Protected Areas in conservation, indicating a management approach to ecosystem services.",0
doc_7,precautionary_principle,Precautionary Principle,absent,0.9,0,,,No relevant text spans found matching frame indicators,0
doc_7,innovation_systems,Innovation Systems,absent,0.9,0,,,No relevant text spans found matching frame indicators,0
doc_7,multilevel_governance,Multilevel Governance,absent,0.9,0,,,No relevant text spans found matching frame indicators,0
doc_9,market_based_instruments,Market-Based Instruments,absent,0.9,0,,,"The text spans do not provide clear evidence of market-based instruments or economic incentives related to the defined frame. While there are mentions of policy instruments and economic instruments, there are no specific references to market mechanisms or economic incentives that align with the f...",0
doc_9,regulatory_approach,Regulatory Approach,insufficient_evidence,0.5,0,,,"While there are mentions of 'regulatory practices' and 'regulation' in the text spans, there are no clear indicators of traditional command-and-control regulatory instruments such as mandates, compliance requirements, or enforcement mechanisms. The references to regulation are too vague and do no...",0
doc_9,participatory_governance,Participatory Governance,present,0.9,3,"enable different stakeholders to actively participate in planning the regional forest utilization plans. | a lot of involvement is required form the stakeholders in the planning process of the regional development programmes. | performing interviews and surveys with regional stakeholders, among other methods, to collect information regarding the policy framework from a regional practitioner perspective.","97,97,9","The text spans provide clear evidence of stakeholder participation and engagement in various planning processes, emphasizing collaborative governance and inclusive development.",0
doc_9,adaptive_management,Adaptive Management,absent,0.9,0,,,No relevant text spans found matching frame indicators,0
doc_9,ecosystem_services,Ecosystem Services Framework,present,0.9,2,"advancing the biodiversity of nature, multipurpose forests and businesses based on natural resources and ecosystem services | advancing the biodiversity of nature, multipurpose forests and businesses based on natural resources and ecosystem services","26,26","The text explicitly mentions 'ecosystem services' and discusses the importance of biodiversity and sustainable use of natural resources, which aligns with the Ecosystem Services Framework.",0
doc_9,precautionary_principle,Precautionary Principle,present,0.9,3,concern and uncertainty among bioeconomy actors. | Fast changes in policy landscape create uncertainty | A lot of uncertainty for bioeconomy due to geopolitical situation,"21,73,73","The text spans contain multiple references to 'uncertainty' and 'concern', which align with the precautionary principle's emphasis on caution in the face of uncertainty. The presence of these terms indicates a recognition of potential risks and the need for preventive action.",0
doc_9,innovation_systems,Innovation Systems,insufficient_evidence,0.6,0,,,"While there are mentions of 'research and development policy' and 'entrepreneurship', the text does not provide strong, clear evidence of a comprehensive innovation system framework. The references are too vague and do not sufficiently connect to the required elements of innovation networks or te...",0
doc_9,multilevel_governance,Multilevel Governance,present,0.9,3,"Encouraging cross-border cooperation. | The Strategy offers a shared vision of the environmental, economic, social and international cooperation opportunities and challenges connected to the development of an Italian bioeconomy strongly ... | The Strategy offers a shared vision of the environmental, economic, social and international cooperation opportunities and challenges connected to the development of an Italian bioeconomy strongly ...","22,43,63","The text spans contain multiple references to cooperation across different levels of governance, including cross-border cooperation and international cooperation opportunities, which align with the multilevel governance frame.",0
