doc_id,problem_status,problem_summary,solutions_count,solutions_explicit,implementation_status,implementation_count,narrative_hook_present,narrative_hook_type,problem_explicitly_labelled,solutions_explicitly_labelled,implementation_explicitly_labelled,procedural_clarity_status
agora,present,"The Mediterranean region faces socio-ecological challenges due to political instability, desertification, and insufficient research capacity in forest management, particularly in Tunisia and Morocco.",3,True,weak,0,True,statistic,False,True,False,weak
agriforvalor,present,"The document identifies barriers to innovation and development in the agriculture and forest sectors, particularly regarding the exploitation of biomass resources and the need for improved logistics and business models.",10,True,weak,0,True,statistic,True,True,False,weak
alterfor_1,present,"European forests face significant challenges including forest fires, ownership fragmentation, and the need for sustainable management practices to meet climate and economic demands.",6,True,weak,0,True,statistic,False,True,False,weak
alterfor_2,present,"The management of European forests is controversial due to competing demands for climate mitigation and biodiversity, influenced by EU policies and market pressures.",2,True,weak,0,True,provocative question,False,True,False,weak
b4est_1,present,"Climate change increases forest vulnerability to damage and disease, reduces forest health and productivity, and causes economic losses, necessitating intervention through improved forest tree breeding.",5,True,weak,0,True,statistic,False,True,False,absent
b4est_2,present,"Climate change is expected to significantly impact forests and forest resource utilization in Nordic countries, necessitating changes in forest management to enhance adaptation and mitigation efforts.",3,True,weak,0,True,statistic,False,True,False,weak
basajaun,present,"Construction wastes are underutilized, leading to societal costs and environmental burdens, particularly through incineration instead of material-based utilization.",5,True,weak,0,True,statistic,True,True,False,weak
be-rural_1,present,The document identifies the need for effective co-creation spaces in regional bioeconomies to enhance stakeholder engagement and address challenges in developing sustainable bioeconomy strategies.,4,True,weak,0,True,case study,False,True,False,absent
be-rural_2,present,The document identifies the need for Western Balkan countries to mainstream the bioeconomy within the framework of the Instrument for Pre-Accession Assistance (IPA) to enhance sustainable development and economic recovery amidst global crises.,6,True,weak,0,True,contextual background,False,True,False,weak
be-rural_3,present,Rural areas face disproportionate challenges in assessing ecological boundaries for bioeconomy due to lack of resources and capacities for evaluations like Life Cycle Assessments.,4,True,weak,0,True,contextual background on bioeconomy potential and challenges,False,True,False,weak
be-rural_4,present,"The document identifies challenges in raising funds for innovative small-scale bio-based businesses, including scarcity of funds, lack of capacities among local actors, and insufficient public investment frameworks.",5,True,weak,0,True,contextual background,False,True,False,weak
besafe,present,"Biodiversity continues to decline despite its importance for human well-being, necessitating more effective arguments for conservation to convince society of the need for protective action.",6,True,weak,0,True,statistic,True,True,False,weak
biodiversa_01_protected_areas_and_agricultural_changes,present,Conflicting stakeholder values and priorities in agriculture and biodiversity conservation lead to tensions and inefficiencies in conservation initiatives.,8,True,weak,0,True,case study,False,True,False,weak
biodiversa_02_anticipatory_governance,present,"The document identifies various pressures on biodiversity, including climate change, habitat destruction, and pollution, which threaten ecosystem resilience and require intervention.",6,True,weak,0,True,contextual background,False,True,False,absent
biodiversa_03_landscape_diversity,present,"Human-driven land use changes have transformed 75% of the Earth’s surface, leading to landscape homogenization and a decline in biodiversity, which threatens human health and well-being.",8,True,present,5,True,statistic,True,True,True,present
biodiversa_04_biodiversity_services,present,"The document identifies the decline in biodiversity due to agricultural intensification, habitat destruction, and chemical inputs as a critical issue that threatens ecosystem services essential for agriculture and human health.",6,True,weak,0,True,statistic,False,True,False,absent
biodiversa_05_biodiversity_health_services,present,"Human disruptions to ecosystems reduce biodiversity, increasing the risk of zoonotic diseases and impacting human health.",10,True,weak,0,True,statistic,False,True,False,weak
biodiversa_06_nitrogen_pollution,present,"Nitrogen pollution and climate change are degrading peatlands, reducing their carbon storage capacity and biodiversity, and increasing their vulnerability to climate impacts.",7,True,weak,0,True,statistic,True,True,False,weak
biodiversa_07_forest_climate_change_adaptation,present,"The document identifies the challenge of adapting forest trees to climate change, emphasizing the need for high genetic diversity to enhance resilience and adaptability.",6,True,weak,0,True,statistic,False,True,False,weak
biodiversa_08_small_mammals_conservation,present,"Population cycles of small rodents, such as voles and lemmings, are changing, leading to declines in their populations and potential extinctions of associated predators, driven by factors like land use and climate change.",6,True,weak,0,True,statistic,False,True,False,absent
biodiversa_09_natura_2000,present,"Implementation of Natura 2000 in forests has led to conflicts related to different interests and land use paradigms, particularly balancing nature conservation and sustainable timber production, which remains a significant challenge for EU biodiversity policy.",5,True,weak,0,True,statistic,False,True,False,weak
biodiversa_10_insects,present,"The document identifies the decline of specialized insects, particularly grassland butterflies, due to environmental changes, habitat loss, and climate change, necessitating conservation measures.",6,True,weak,0,True,statistic,False,True,False,weak
biodiversa_11_wildlife_disease,present,"The document identifies the increasing threat of wildlife diseases, particularly the Bd fungus, to biodiversity in Europe, highlighting the dramatic declines and mass mortalities of amphibian species due to this pathogen.",7,True,weak,0,True,statistic,False,True,False,weak
biodiversa_12_cap,present,"Biodiversity in agricultural areas has continued to decline, necessitating greater efforts for conservation and restoration, particularly in the context of climate change.",6,True,weak,0,True,statistic,False,True,False,absent
biodiversa_13_soil_biodiversity,present,"Soil biodiversity is undervalued in agricultural practices, leading to challenges in maintaining soil health and ecosystem services, particularly in the context of climate change and agricultural productivity.",6,True,weak,0,True,case study,False,True,False,weak
biodiversa_14_ecosystem_resilience,present,"Global change can reduce the resilience of ecosystems and cause them to cross tipping points, leading to a rapid reduction in function and service provision which may be difficult to reverse.",6,True,weak,0,True,statistic,True,True,False,weak
biodiversa_15_ecosystem_services,present,"The document identifies the challenge of managing ecosystem services, which often have trade-offs and synergies that need to be understood for effective policy-making.",7,True,weak,0,True,case study,False,True,False,weak
biodiversa_16_forest_expansion_benefits,present,"Europe faces significant landscape fragmentation, negatively affecting biodiversity and ecosystem services, necessitating intervention through natural forest expansion (NFE).",6,True,weak,0,True,statistic,False,True,False,weak
biodiversa_17_invasive_alien_species,present,"Climate change is increasing the risk of new invasive alien species in Europe, threatening biodiversity, ecosystem services, agriculture, forestry, infrastructure, and human health, with economic costs estimated at €12.5 billion annually.",3,True,weak,0,True,statistic,False,True,False,weak
biodiversa_18_green_infrastructures,present,"Agricultural landscapes in Europe are becoming increasingly simplified due to agricultural intensification, leading to biodiversity loss and negative impacts on ecosystem services.",6,True,weak,0,True,statistic,True,True,False,weak
biomonitor_1,present,"The document identifies a lack of data and statistics about emerging innovative industries in the bioeconomy, which hampers robust monitoring and analysis tools necessary for sustainable development.",3,True,weak,0,True,statistic,False,True,False,weak
biomonitor_2,present,"The document identifies the challenge of selecting appropriate modelling tools for policy planning in the fragmented landscape of the bioeconomy, highlighting gaps in current models' ability to address policy interventions effectively.",3,True,weak,0,True,statistic,False,True,False,absent
biomonitor_3,present,"The document identifies the need for a sustainable bioeconomy in Europe, highlighting the challenges of balancing economic, environmental, and social impacts while addressing climate change and resource management.",4,True,weak,0,True,statistic,False,True,False,absent
biomonitor_4,present,"The document identifies the need for measurable indicators to evaluate the impact of the bioeconomy on achieving EU policy goals, particularly in relation to the European Green Deal and circular economy action plan.",3,True,weak,0,True,statistic,False,True,False,absent
biomonitor_5,present,"The document identifies challenges related to the circular bioeconomy, including climate change, unsustainable resource use, and economic inequality, which require substantial policy actions for effective transition.",3,True,weak,0,True,statistic,False,True,False,weak
biomonitor_6,present,"Contemporary food systems lack sustainability, necessitating improvements to address human and planetary health issues.",3,True,weak,0,True,statistic,False,True,False,absent
biomonitor_7,present,"Critical knowledge gaps in the EU bioeconomy hinder progress towards achieving the objectives of the EU Bioeconomy Strategy, particularly regarding sustainability impacts, land and biomass supply-demand tensions, and systemic effects.",4,True,weak,0,True,statistic,False,True,False,absent
biores,present,"The document addresses the need for quality and sustainability in the supply chains for woody bioenergy, highlighting issues related to inconsistent quality and the importance of certification and standards in ensuring reliable supply.",5,True,present,5,True,case study,True,True,True,present
biw_1,weak,The document implies a need for sustainable urban policies and carbon-neutral cities but does not explicitly frame a specific policy problem.,0,False,weak,0,False,,False,False,False,absent
biw_2,present,"The document identifies challenges related to the standardization and regulation of wood-based construction materials, including the lack of harmonization in technical values and the need for improved standards to facilitate the use of sustainable wood products.",10,True,weak,0,True,statistic,False,True,False,absent
bloom,present,"Low awareness and knowledge about the bioeconomy among civil society, leading to challenges in public engagement and co-creation processes.",6,True,weak,0,True,case study,True,True,False,weak
branches_1,present,"The document identifies regulatory and political barriers to the development of bioeconomy in various European regions, highlighting the need for effective policy practices to overcome these obstacles.",5,True,weak,0,True,case study,True,True,False,weak
branches_2,present,"The report identifies challenges in boosting regional sustainable development through bioeconomy activities, particularly in agriculture and forest biomass value chains, highlighting the need for strategic actions and best practices.",33,True,weak,0,True,case study,False,True,False,weak
coupled_1,present,"The document identifies the problem of unsustainable land use driven by EU consumption patterns and their global impacts, including deforestation and social inequities in producing countries.",8,True,weak,0,True,statistic,True,True,False,absent
coupled_2,present,"The document identifies the sustainability challenges posed by global agricultural commodity supply chains, particularly focusing on the persistence of sourcing patterns that contribute to deforestation and biodiversity loss.",3,True,weak,0,True,statistic,False,True,False,absent
coupled_3,present,"The current EU carbon accounting scheme for land use, land use change, and forestry (LULUCF) is flawed due to its reliance on actual carbon sinks, which neglects historical land use changes, historical legacies, and the maturation of forests, leading to inequitable outcomes among member states.",1,True,weak,0,True,statistic,False,True,False,absent
desira_1,present,"The document identifies challenges related to the impacts of digitalisation on agriculture and rural areas, particularly focusing on issues like low farm incomes, data ownership, and the need for digital skills among farmers.",6,True,weak,0,True,case study,False,True,False,weak
desira_2,present,"The document identifies the challenge of ensuring that rural populations benefit from digitalisation, particularly in terms of digital skills and connectivity, highlighting the risk of leaving parts of the rural population behind despite funding opportunities.",10,True,weak,0,True,statistic,False,True,False,weak
diabolo,present,"The document identifies challenges in the provision and exchange of forest information for EU policies, including issues of data comparability, privacy, and the need for better coordination between data providers and policymakers.",5,True,weak,0,True,statistic,False,True,False,weak
ecopotential,present,"Human pressures such as climate change, land-use change, invasive species, and pollution are threatening ecosystem integrity, leading to potential loss of crucial ecosystem processes, functions, and services.",4,True,weak,0,True,statistic,False,True,False,weak
efface_1,present,"Illegal logging and the trade in illegally harvested wood contribute to deforestation, climate change, and corruption, undermining sustainable development.",5,True,present,4,True,case study,True,True,True,present
efface_2,present,"Environmental crime is a serious and organized category of offense that has significant impacts on economies, human health, biodiversity, and governance, yet receives insufficient attention from policymakers.",3,True,weak,0,True,statistic,False,True,False,absent
efface_3,present,"The document identifies the problem of environmental crime, specifically the challenges in quantifying its impacts due to dispersed data and the difficulty in distinguishing illegal activities from legal ones.",0,False,absent,0,True,statistic,False,False,False,absent
effect_1,present,"Challenges regarding participation in collective action for environmental goods, including individualism, lack of trust, and the free rider problem, which increase transaction costs.",2,True,weak,0,True,case study,True,True,False,weak
effect_2,present,"The document identifies the poor performance of Agri-environmental schemes (AES) in achieving significant environmental improvements due to an individual-farm targeting approach, which fails to leverage spatial coordination among landholders.",3,True,weak,0,True,statistic,True,True,False,weak
effect_3,present,"Increasing demands on European agricultural landscapes create conflicting pressures on land resources, necessitating improved governance of agri-environmental services to meet environmental and climate targets.",6,True,weak,0,True,statistic,False,True,False,weak
efforte,present,"The document identifies the problem of soil compaction and rutting caused by forest machinery, which negatively impacts future forest growth and soil health.",6,True,present,6,True,statistic,False,True,True,present
efi_1,present,"The environmental impacts of wood-based textile fibres are not fully understood, with potential issues including eutrophication, acidification, human toxicity, and air pollution, alongside challenges in adoption due to cost and industry resistance.",4,True,weak,0,True,provocative question,False,True,False,absent
efi_2,present,"The document identifies challenges related to carbon farming in forests, including the need for proof of additionality, balancing climate goals with forest resilience, delivering multiple environmental co-benefits, non-permanence of carbon storage, methodological problems in quantifying carbon changes, and difficulties in setting baselines and verifying carbon removals.",4,True,weak,0,True,statistic,True,True,False,weak
efi_3,present,"Urbanization is causing health issues related to climate change, biodiversity loss, and non-communicable diseases (NCDs) due to urban lifestyles.",4,True,weak,0,True,statistic,False,True,False,weak
efi_4,present,"The document identifies the need for effective Payments for Environmental Services (PES) schemes to address the dual crises of climate change and biodiversity loss, emphasizing the importance of incentivizing forest owners to improve forest management.",7,True,weak,0,True,contextual background on climate change and biodiversity loss,False,False,False,weak
efi_5,present,"The document identifies the limited adoption of modern wood buildings due to various barriers such as national building codes, lack of expertise, economic factors, and technical issues related to fire risk and moisture.",4,True,weak,0,True,provocative question,False,True,False,absent
efi_6,present,"The document identifies challenges related to the provision and demand for forest ecosystem services in Europe, including imprecise information, climate change pressures, lack of policy integration, ambiguous regulatory frameworks, misalignment of supply and societal demand, and diversity in forest management practices.",4,True,weak,0,True,statistic,False,True,False,absent
efi_7,present,"European forests and wood products play a crucial role in achieving climate neutrality, but there are challenges related to their finite contribution and the need for additional mitigation efforts in other sectors.",6,True,weak,1,True,statistic,False,False,False,weak
efi_8,present,"Forest biodiversity in Europe is threatened by atmospheric pollution, climate change, invasive species, and poor forest management practices, leading to increased vulnerability of species and ecosystems.",5,True,weak,0,True,statistic,False,True,False,weak
efi_9,present,"Systemic barriers limit women's access to land, finance, training, and leadership roles in forest MSMEs, hindering their economic empowerment and the sustainability of forest value chains.",5,True,weak,0,True,statistic,False,True,False,weak
efimed_1,present,"The document identifies the need for a Mediterranean Forest Research Agenda due to the lack of comprehensive research addressing the unique challenges faced by Mediterranean forests, including climate change and socio-economic pressures.",5,True,weak,0,True,statistic,True,True,True,weak
efimed_2,present,"The Mediterranean forests face increasing threats and challenges due to climate change, ecological disturbances, and socio-economic pressures, necessitating urgent action for their resilience and sustainability.",4,True,present,3,True,case study,True,True,True,present
efirecom_1,present,"The Mediterranean region faces a significant threat from forest fires, primarily due to human negligence and changing land use practices, leading to increased vegetation density and fire risk.",6,True,weak,0,True,statistic,False,True,False,weak
efirecom_2,present,"The document identifies the social perception of forest fire risk as a significant issue affecting public response and support for forest management policies, emphasizing the need for improved communication to enhance understanding and resilience.",5,True,weak,0,True,provocative question,False,True,False,weak
eklipse_1,present,"The document identifies societal challenges such as increased pollution, overexploitation of natural resources, loss of social cohesion, and the disconnect between people and nature, which require intervention through nature-based solutions (NBS) and social innovation.",6,True,weak,0,True,provocative question,False,True,False,weak
eklipse_2,present,"The document identifies the challenge of building resilient coastal communities in the face of climate change and other coastal challenges, emphasizing the need for effective community empowerment tools and nature-based solutions.",2,True,weak,0,True,provocative question,True,True,False,absent
eklipse_3,present,"The document identifies the need for improved mitigation measures to prevent biodiversity loss, emphasizing the importance of the 'avoid' stage in the mitigation hierarchy.",4,True,weak,0,True,contextual background,False,True,False,weak
eklipse_4,present,"The document identifies the challenge of understanding the relationship between biodiversity and pandemics, particularly focusing on spillover events between wildlife and domestic animals or humans, which are critical for preventing future pandemics.",4,True,weak,0,True,case study,True,True,False,weak
eklipse_5,present,"The document identifies the challenge of understanding farmer uptake of biodiversity measures within the Common Agricultural Policy (CAP), highlighting various factors influencing this uptake.",1,True,weak,0,True,provocative question,True,True,False,absent
eklipse_6,present,"Barriers to effective ecological restoration include insufficient funding, low political priority, conflicting stakeholder interests, and lack of integrated land use planning.",0,False,absent,0,True,provocative question,True,False,False,absent
fire-res,present,"Wildfires pose a significant risk to landowners and surrounding communities, leading to underinvestment in wildfire risk reduction due to insufficient motivation and organization among land managers.",3,True,weak,0,True,statistic,True,True,False,weak
fireurisk,present,"The document identifies the urgent need for a systemic response to the increasing risk of catastrophic wildfires exacerbated by climate change, highlighting the inadequacies of current EU policies that focus primarily on technological solutions rather than integrated, science-based approaches.",2,True,weak,0,True,provocative statement,False,True,False,absent
forestpolicy,present,The document identifies the challenge of clearing tropical forests for agricultural expansion and the potential inequities in zero-deforestation supply chain commitments that may exclude smallholders and other producers.,4,True,present,4,True,statistic,False,True,True,present
forestvalue2,present,"European forests face increasing pressures from climate change, biodiversity loss, and human activities, necessitating innovative solutions for sustainability and resilience.",12,True,weak,0,True,statistic,True,True,False,weak
forgenius,present,"The document identifies the need for improved genetic conservation efforts in Europe, specifically through the enhancement of the EUFGIS system and the characterization of Genetic Conservation Units (GCUs).",3,True,present,3,False,,False,True,True,present
forger_1,present,"The document identifies the challenge of conserving forest genetic resources (FGR) in Europe, highlighting gaps in current conservation efforts and the need for improved genetic characterization of tree species.",5,True,weak,0,True,statistic,False,True,False,absent
forger_2,present,"The document identifies issues related to the conservation and use of forest genetic resources in Europe, particularly gaps in genetic diversity measurements and the need for better characterization of genetic conservation units.",6,True,weak,0,True,statistic,False,True,False,weak
forger_3,present,"The document identifies issues related to the conservation and use of forest genetic resources in Europe, including gaps in genetic diversity measurements and the need for better characterization of genetic conservation units.",6,True,weak,0,True,statistic,False,True,False,weak
genres_bridge_1,present,"Current global declines in genetic resources due to social, economic, and environmental factors are making agriculture and forestry vulnerable to climate change, necessitating urgent action to conserve genetic resources and promote their sustainable use across Europe.",3,True,weak,0,True,statistic,False,False,False,absent
genres_bridge_2,present,"The document identifies the urgent need for action to conserve and sustainably use genetic resources in Europe, highlighting challenges related to collaboration among diverse actors and sectors.",10,True,weak,0,True,urgent action,True,True,False,weak
genres_bridge_3,present,"Current global declines in genetic resources due to social, economic, and environmental factors are rendering agriculture and forestry increasingly vulnerable to climate change, necessitating urgent action to conserve genetic resources and promote their sustainable use across Europe.",5,True,weak,0,True,statistic,False,True,False,absent
gentree,present,"European forests are increasingly vulnerable to climate change, particularly at the southern edge of the continent, due to varying levels of adaptive potential and genetic diversity among tree populations.",3,True,weak,0,True,statistic,True,True,False,weak
globis-b,present,"The document identifies the need for effective cooperation and interoperability among stakeholders to produce and manage Essential Biodiversity Variables (EBVs) for biodiversity research and policy use, highlighting challenges such as legal restrictions and the need for data integration.",10,True,present,5,True,case study,True,True,True,present
green4c,present,"Negative changes in environmental conditions affect human health and well-being, leading to increased social inequalities and health issues, necessitating intervention through nature-based solutions.",5,True,weak,0,True,statistic,False,True,False,absent
greengain_1,present,"The document identifies obstacles regarding the utilization of biomass from landscape conservation and maintenance work (LCMW) for electricity and heat production, which require intervention.",4,True,present,5,True,case study,True,True,True,present
greengain_2,present,"The document identifies the lack of clear definitions and responsibilities regarding biomass from landscape conservation and maintenance work (LCMW), which hinders its market uptake and regulatory framework.",14,True,present,14,True,case study,True,True,True,present
greengain_3,present,"The document identifies the need to increase the energy use of biomass feedstock from landscape conservation and maintenance works, highlighting challenges in biomass residue management and the importance of stakeholder engagement.",10,True,present,10,True,case study,True,True,True,present
holisoils_1,present,"Soil degradation threatens sustainable provisioning of ecosystem services essential for human wellbeing, driven by unsustainable forest management, peatland drainage, and other factors, resulting in significant economic costs due to carbon loss and erosion.",6,True,weak,0,True,statistic,False,True,False,weak
holisoils_2,present,"The document identifies a lack of comprehensive, reliable soil information and rigorous soil sampling practices across the EU, which hinders the effective implementation of the EU Soil Monitoring Law.",3,True,weak,0,True,description of the EU Soil Monitoring Law and its importance,False,False,False,absent
holisoils_3,present,The document identifies the need to increase carbon sequestration in forest soils and reduce greenhouse gas emissions to achieve climate neutrality targets set by the European Union.,5,True,weak,0,True,statistic,False,False,False,absent
impetus,present,The document identifies challenges related to climate adaptation financing and policy barriers that require intervention to enhance resilience against climate impacts.,5,True,weak,2,True,case study,True,True,False,weak
incredible_1,absent,,12,True,weak,0,False,,False,True,False,absent
incredible_2,present,"The document identifies challenges related to the underutilization and market competition of non-wood forest products (NWFP), which are crucial for sustainable development and local economies in Europe.",12,True,weak,0,True,case study,True,True,False,weak
innoforest,present,"The document identifies the challenge of balancing the provision of forest ecosystem services (FES) amidst increasing societal demand and market pressures, which hampers forest owners' ability to generate revenue from these services.",6,True,weak,0,True,statistic,True,True,False,absent
integral_1,present,"There is incoherence in objectives and instruments within and between EU and national forest-related policies and forest land-use practices, leading to challenges in balancing competing forest land uses and societal demands.",3,True,weak,0,True,statistic,True,True,False,absent
integral_2,present,"The document identifies the challenge of sustainable forest management (SFM) in Europe, emphasizing the need for integrated and future-oriented management strategies to address long-term uncertainties and societal demands.",2,True,weak,0,True,statistic,True,True,False,weak
locomotion_1,present,"The document identifies the urgent need for a transition to a climate-neutral Europe due to the global climate emergency and geopolitical challenges, particularly in light of the war in Ukraine and the need for sustainable energy solutions.",10,True,weak,0,True,provocative statement,False,True,False,weak
locomotion_2,present,"The document identifies multiple challenges related to the transition to renewable energy, including land use conflicts for solar power, low energy return on investment (EROI) for renewables, and the environmental and social impacts of mineral extraction for electric vehicles and renewable infrastructure.",15,True,weak,0,True,statistic,True,True,False,absent
magic_1,present,"The document identifies challenges related to the cultivation of industrial crops in marginal land, including adverse climate conditions and soil fertility issues, necessitating government intervention.",7,True,weak,0,True,statistic,True,True,False,weak
magic_2,present,"The document identifies challenges related to land marginality, including biophysical and environmental issues that hinder the restoration and cultivation of industrial crops on marginal lands.",2,True,weak,0,True,case study,True,True,False,weak
merlin,present,The document identifies the degradation of freshwater ecosystems due to agricultural practices and the need for agricultural policies to support water resilience and ecosystem restoration.,6,True,weak,3,True,statistic,True,True,False,weak
motive_1,present,"Climate change is affecting European forests, leading to increased growth rates in some areas and declines in others, along with heightened risks of disturbances such as storms, droughts, and forest fires.",6,True,weak,0,True,provocative statement,False,True,False,weak
motive_2,present,"Climate change is projected to significantly impact European forests, affecting tree growth, species choice, and increasing risks from disturbances such as fire and pests, necessitating adaptive management strategies.",3,True,weak,0,True,statistic,False,True,False,weak
naiad_1,present,"The document identifies the need for improved investment in Nature Based Solutions (NBS) to reduce risks associated with climate change, such as flooding and droughts, and highlights barriers to realizing the potential of NBS as a risk reduction strategy.",3,True,weak,0,True,statistic,False,True,False,absent
naiad_2,present,"The document identifies the need for better engagement of the insurance sector in disaster risk reduction (DRR), Nature Based Solutions (NBS), and climate adaptation, highlighting the challenges and opportunities in this area.",10,True,weak,0,True,opportunity areas and recommendations,False,True,False,weak
naiad_3,present,"The document identifies challenges in financing and implementing nature-based solutions (NBS) for climate change adaptation and disaster risk management, highlighting the need for better integration of these solutions into existing policies and practices.",4,True,weak,0,True,case study,True,True,False,weak
newforex,present,"Mediterranean forests are among the most vulnerable ecosystems, facing degradation and desertification due to harsh climatic conditions and human pressures, necessitating intervention through Payments for Environmental Services (PES).",6,True,weak,0,True,statistic,False,True,False,weak
oasis,present,"The document identifies the challenge of making catastrophe models accessible to non-insurance users, particularly in the context of climate change and the need for effective risk assessment.",2,True,present,1,True,case study,True,True,True,present
oneforest,present,"Forests face significant challenges due to climate change, including increasing disturbances like fire, storms, pests, and drought, which make forest ecosystems vulnerable and complicate forest management.",3,True,weak,0,True,statistic,False,True,False,weak
optfor-eu,present,"The sustainability of forest services is threatened by various pressures, particularly climate-related challenges, affecting habitats and carbon removal efforts across Europe.",5,True,weak,0,True,statistic,False,True,False,weak
pegasus,present,"The document identifies limitations in current EU agricultural and forestry policies that hinder the delivery of environmental and social benefits, highlighting the need for improved policy responses to meet EU legislation and societal demands for sustainability.",7,True,weak,0,True,case study,True,True,False,weak
phusicos_1,present,"Insufficient funding, unbalanced distribution of funding for green and grey measures, and investments in nature-negative projects hinder the implementation of nature-based solutions (NBS).",4,True,weak,0,True,case study,True,True,False,weak
phusicos_2,present,"The document identifies barriers to the implementation of nature-based solutions (NBS), particularly in disaster risk reduction, including lack of knowledge, qualified contractors, funding, and path dependency on conventional infrastructure.",6,True,weak,0,True,case study,False,True,False,absent
ponderful_1,present,The document identifies the need for effective management and protection of ponds and pondscapes as nature-based solutions to address climate change and other societal challenges.,6,True,weak,3,True,case study,True,True,False,weak
ponderful_2,present,"Ponds are critically important freshwater habitats that are often overlooked in policy making, despite their role in supporting biodiversity and providing ecosystem services.",4,True,present,3,True,statistic,False,True,True,present
provide,present,"The document identifies challenges in the governance mechanisms for the provision of public goods by agriculture and forestry, highlighting weaknesses in current systems and the need for improved mechanisms.",9,True,weak,0,True,case study,True,True,False,weak
resalliance_1,present,"The document identifies the challenge of enhancing landscape resilience in the context of climate change, biodiversity loss, and ecosystem degradation, framing it as a 'triple challenge' that requires intervention.",0,False,absent,0,True,provocative question,False,False,False,absent
resalliance_2,present,"The document identifies the need for innovative landscape resilience solutions in agriculture and forestry due to climate change and land use changes, highlighting barriers and gaps in knowledge and practices.",10,True,weak,0,True,definition of landscape resilience,False,True,False,absent
resonate_1,present,"Climate change is affecting forests, leading to increased disturbances that impact the availability of economically profitable wood and create market distortions, particularly affecting small-scale forest owners and the wood industry.",8,True,weak,0,True,statistic,False,True,False,weak
resonate_2,present,"Bark beetle outbreaks have devastated European forests, causing significant socio-economic issues and raising concerns about forest management practices in the face of climate change.",8,True,weak,0,True,statistic,False,True,False,weak
resonate_3,present,"Climate change is affecting forest ecosystems and forest-based value chains, necessitating improved resilience through adaptation and management practices.",3,True,weak,0,True,provocative statement,False,True,False,absent
resonate_4,present,"Increasing frequency and severity of climate-driven disturbances are threatening Europe's forests, necessitating effective adaptation measures.",3,True,present,3,True,statistic,False,True,True,present
resonate_5,present,"Forests are under pressure from climate change and disturbances, affecting their health and resilience, which biodiversity can help mitigate.",10,True,weak,0,True,statistic,False,True,False,weak
resonate_6,present,"European forests are facing increasing challenges from extreme climatic events and disturbances, necessitating a stronger focus on forest resilience to support sustainable forest management.",3,True,weak,0,True,case study,False,True,False,weak
resonate_7,present,"Increased disturbances due to climate change are negatively impacting forest biodiversity, affecting species that depend on old and dense forests while benefiting those that thrive in younger, more open environments.",9,True,weak,0,True,statistic,False,True,False,weak
resonate_8,present,"Significant increase in forest disturbances since the 1950s is causing ecosystem degradation, tree mortality, and challenges to climate-smart forest management, impacting EU climate targets and local economies.",1,True,weak,0,True,statistic,False,False,False,absent
rosewood40,weak,The document implies challenges in digitalization within the forest industry but does not explicitly frame a specific policy problem.,4,True,weak,2,True,abstract,False,True,False,weak
safers,present,"The document identifies challenges in forest fire emergency management, particularly the underutilization of geospatial data and the need for improved resilience in societies during forest fire emergencies.",6,True,weak,0,True,case study,True,True,False,weak
silvanus_1,present,"The document identifies challenges related to forest management, including the need for sustainable practices, resilience to climate change, and effective wildfire prevention and mitigation policies.",3,True,weak,0,True,case study,True,True,False,weak
silvanus_2,present,"The document addresses challenges in deforestation, climate adaptation, and biodiversity conservation within the context of forest governance in the EU, requiring intervention to align forest management with broader climate and biodiversity goals.",4,True,weak,0,True,statistic,True,True,False,absent
sim4nexus,present,"The document addresses the need for integrated management of water, land, food, energy, and climate to achieve resource efficiency in Europe, highlighting challenges posed by climate change and resource mismanagement.",6,True,weak,0,True,case study,True,True,False,absent
simra_1,present,"The document identifies the challenge of insufficient articulation and support for social innovation in rural areas within the EU's Common Agricultural Policy, which affects the resilience and adaptability of rural societies and economies.",3,True,weak,0,True,case study,True,True,False,absent
simra_2,present,"The document identifies the challenge of raising the profile of social innovation in policy making, particularly in marginalised rural areas, and emphasizes the need for supportive policies to enhance the impact of social innovation.",9,True,weak,0,True,quote,False,True,False,absent
simwood,present,"The document identifies the challenge of under-utilization of wood resources in European forests, highlighting the need for increased wood mobilisation to meet growing demand and support sustainable forest management.",12,True,present,12,True,statistic,False,True,True,present
sincere_1,present,"The document identifies challenges in aligning the supply and demand of forest ecosystem services (FES) in Europe, highlighting issues such as insufficient policy integration, lack of political support, and the need to adapt to climate change.",4,True,weak,0,True,statistic,True,True,False,absent
sincere_2,present,"PES implementation in Europe is limited due to insufficient private willingness to pay, institutional challenges, and design flaws that hinder their effectiveness compared to other regions.",3,True,weak,0,True,provocative questions,False,True,False,absent
smartli,present,"The document identifies the need for sustainable bio-based products due to the scarcity of non-renewable resources, climate change, and a growing world population, framing it as a challenge that requires strategies for sustainable development and market diffusion of lignin-based products.",3,True,weak,0,True,statistic,True,True,False,absent
startree_1,present,"The document identifies challenges related to the sustainable harvesting and management of non-wood forest products (NWFPs), emphasizing the need for coherent policies to support rural development and prevent overharvesting.",12,True,weak,0,True,case study,True,True,False,weak
startree_2,present,"The document identifies the underutilization of non-wood forest products (NWFPs) in Europe, highlighting the need for better management and policies to unlock their economic potential and address conservation concerns.",3,True,weak,0,True,statistic,False,True,False,absent
superb_1,present,"Europe's forests are under pressure from climate change, land-use changes, and increasing demand for forest products, which affects their ability to provide ecosystem services and biodiversity.",4,True,weak,0,True,statistic,False,True,False,weak
superb_2,present,"The document identifies the urgent need for consistent environmental policies in the face of economic crises, highlighting the tendency to prioritize short-term economic concerns over long-term environmental sustainability, which leads to escalating costs and irreversible damage to biodiversity and climate.",3,True,weak,0,True,provocative statement,True,True,False,absent
superb_3,present,"Biodiversity is in long-term decline, with a significant funding gap limiting efforts to reverse this trend, and the emerging biodiversity credit market risks replicating flaws seen in carbon markets.",7,True,weak,0,True,statistic,False,True,False,weak
superb_4,present,"Climate change is threatening European forests' biodiversity and ecosystem services, with projected declines in the forest carbon sink due to maladaptation of local tree populations.",5,True,weak,0,True,statistic,False,False,False,absent
terranova_1,present,The document identifies the biodiversity crisis and the need for improved land management in Europe as pressing issues that require intervention.,3,True,weak,0,True,provocative question,False,True,False,absent
terranova_2,present,"Intensified human activities have led to climate change, ecosystem degradation, and reduced biodiversity, necessitating effective solutions for sustainable landscape management.",4,True,weak,0,True,statistic,True,True,False,weak
terranova_3,present,"The document identifies challenges related to reduced biodiversity and climate change, emphasizing the need for strategic restoration actions in European landscapes.",3,True,weak,0,True,statistic,False,True,False,absent
unravel,present,"The document identifies the need for sustainable lignocellulosic biorefineries to address climate change and reduce reliance on fossil resources, highlighting challenges such as competition for biomass residues and the need for policy support.",7,True,weak,0,True,statistic,False,True,False,absent
woodcircus,present,"The construction sector in Europe generates approximately 70.5 million tons of wood waste annually, with only about one third being reused or recycled, indicating a significant issue in waste management and resource efficiency in the woodworking industries.",6,True,weak,0,True,statistic,False,True,False,weak
