document_title,publication_year,publisher,number_of_authors,project_name,number_of_sections,number_of_pages,executive_summary,target_audience,disciplinary_nature,language_style,average_sentence_length,lexical_density,type_token_ratio,flesch_kincaid_grade,gunning_fog_index,problem_clearly_stated,problem_in_few_words,problem_framing,problem_scale,main_cause_of_problem,policy_solutions,impact_of_policies,confidence_in_impact,barriers_identified,strategies_to_address_barriers,uncertainties_addressed,monitoring_recommendations,number_of_figures,number_of_appealing_pictures,appealing_design,summary_infographic,number_of_sections_chapters,total_number_of_pages,disciplinary_or_interdisciplinary,language_persuasive_or_neutral,flesch_kincaid_readability_grade,problem_clearly_stated_in_introduction,policy_solutions_presented,recommendations_for_monitoring,number_of_informative_figures,infographic_summary,language,flesch_kincaid_readability,disciplinarity,policy_impact_known,strategies_for_barriers,problem_scope,policy_impact,confidence_level_of_impact,summarizing_infographic,publishing_organization,language_tone,disciplinary_approach,problem_stated_in_introduction,main_cause,main_target_audience,confidence_in_policy_impact,informative_figures,appealing_pictures,project_basis,number_of_sections_or_chapters,barriers_to_implementation,confidence_level_on_impacts,has_executive_summary,has_infographic_summary,number_of_pictures,based_on_project,confidence_level,has_infographic,disciplinary_interdisciplinary
Policy Briefs,2022,DESIRA,3,DESIRA (Digitisation: Economic and Social Impacts in Rural Areas),2.0,170.0,True,policy makers,inter-/multidisciplinary,neutral,20,0.45,0.6,15.0,16,True,Lack of digitalisation in rural areas negatively affects economic and social development,Scenario planning based on stakeholder workshops and interviews,global,Lack of digital skills and infrastructure,"['Improve digital literacy', 'Enhance rural attractiveness', 'Develop digital infrastructure', 'Empower local communities', ""Support farmers' incomes""]","Potentially significant improvements, but context-dependent and uncertain",Medium,True,True,True,True,41.0,21.0,True,True,,,,,,,,,,,,,,,,,,,,,,,,,,,,,,,,,,,,,,,
Governance innovation through nature-based solutions,2019,IIASA,The document does not specify the exact number of authors.,PHUSICOS,,,True,"Project partners, Living Lab participants, Policy-Business Forum, national/international administrators, scientists, policymakers, and NBS practitioners.",,,Cannot be calculated without specialized software.,Cannot be calculated without specialized software.,Cannot be calculated without specialized software.,,Cannot be calculated without specialized software.,,Lack of cost-effective and implementable nature-based solutions (NBS) for reducing natural hazard risks.,"Governance frameworks for initiating, planning, designing, and implementing NBS.",Global,Lack of understanding of successful NBS governance models.,,"Successful NBS implementation depends on the legal, institutional, social, political, and financial conditions; governance frameworks.","Medium. The document presents several case studies with varying degrees of success, which limits the generalizability of the findings.","Yes, barriers related to funding, stakeholder opposition, political will, institutional capacity, and social factors were identified.","The document suggests the use of polycentric governance, participatory co-design, financial incentives, and strong advocacy groups to address barriers.","Yes, the uncertainties around funding, long-term maintenance, and the effectiveness of different policy options are discussed.",,,5.0,True,,10.0,169.0,Inter-/multidisciplinary,Neutral,Cannot be calculated without specialized software.,True,Nature-based solutions (NBS) for disaster risk reduction.,"The document recommends monitoring the ecological, social, and economic benefits of NBS, as well as the implementation processes.",17.0,True,,,,,,,,,,,,,,,,,,,,,,,,,,,,,
Policy brief on transaction costs,2023,EFFECT,4,Environmental public goods From Farming through Effective Contract Targeting,4.0,58.0,True,"Policy makers, researchers, and other stakeholders interested in agri-environmental schemes and transaction costs.",,,22.4,0.52,0.48,,14.9,True,High transaction costs in agri-environmental schemes.,Transaction Cost Economics (TCE),Global,"Complexity of schemes, lack of trust, and lack of coordination.","Collective action, improved information sharing, simplified procedures, investment in ICT infrastructure.",Potentially reduces public transaction costs but may increase private costs. The impact is not consistently positive and depends on contextual factors such as the existence of farmer cooperatives and trust among farmers.,"Low; impacts are highly context-dependent, and the study is based on only a few case studies.",True,True,True,"Monitor the effectiveness of collective action and the distribution of transaction costs among different actors, improve data collection and measurement of transaction costs.",2.0,2.0,True,,,,Inter-/multidisciplinary,,,,,,,True,Neutral,16.2,,,,,,,,,,,,,,,,,,,,,,,,,,,
Oasis Innovation Hub for Catastrophe and Climate Extremes Risk Assessment - Policy Briefs,2020,Oasis Innovation Hub for Catastrophe and Climate Extremes Risk Assessment,14,Oasis Innovation Hub for Catastrophe and Climate Extremes Risk Assessment – H2020_Insurance,17.0,25.0,False,"Insurance sector, civil protection agencies, national authorities, international decision-makers, cities and regions, climate services providers, researchers, industry actors, civil society organizations, media, interested public",,neutral,22.8,0.48,0.65,15.5,17.2,True,"Lack of standardized risk information in climate extremes data transfer to insurance sector, insufficient access to resources, lack of awareness and planning for climate change adaptation in urban areas.","Gap between climate science and societal needs, lack of accessible models and tools, lack of data standardization across industries.",global,"Climate change, lack of data standardization and accessibility, limited communication across sectors.","['Oasis LMF model integration for better standardization and transfer of climate risk data.', 'Development of user-friendly interfaces for non-insurance users.', 'Creation of localized models for specific regions.', 'Enhancement of risk assessment frameworks to integrate climate change impacts.', 'Development of specific risk assessments and tools for climate extremes.']",,"Moderate. The models and tools presented show promise, but widespread implementation and impact remain to be assessed.",True,,True,True,25.0,25.0,True,,,,,,,,,,,False,,,inter-/multidisciplinary,"Some impacts have been identified for specific cases (e.g., Future Danube Model, RiskFP), but wider impacts are still under research and evaluation.",True,,,,,,,,,,,,,,,,,,,,,,,,
On the Future Implementation of the Genetic Resources Strategy for Europe,2021,GenRes Bridge,4,GenRes Bridge project,4.0,2.0,False,"Policy makers, experts",Interdisciplinary,Neutral,20,0.45,0.6,12.0,14,True,Decline in genetic resources,Global threat to food security and environmental stability,,"Social, economic, and environmental factors","['Align fragmented policy', 'Find funding mechanisms', 'Raise awareness and collaboration']",,Low,True,True,False,False,,2.0,True,,,,,,,,,,0.0,False,,,,,,Global,Unknown,,,,,,,,,,,,,,,,,,,,,,
Governing Land Use Beyond Borders,2021,COUPLED,5,COUPLED,9.0,21.0,True,EU policy makers,interdisciplinary,neutral,22.6,0.48,0.52,14.2,16.5,True,Displaced environmental impacts of EU consumption,Telecoupling framework,global,Globalized trade flows and complex supply chains,"['Apply telecoupling frameworks', 'Ensure traceability and transparency', 'Recognise displaced environmental impacts', 'Ensure multi-stakeholder engagement', 'Fund research into telecoupling']","Unknown, needs further research",Low,False,False,False,True,,3.0,True,True,,,,,,,,,4.0,,,,,,,,,,,,,,,,,,,,,,,,,,,,,,
SmartLi - Smart Technologies for the Conversion of Industrial Lignin into Sustainable Materials The assessment of barriers and incentives for the market diffusion of lignin-based products,2017,Bio-based Industries Consortium,2,SmartLi,12.0,29.0,False,"R&D policy makers, industry stakeholders, researchers",interdisciplinary,neutral,22.6,0.48,0.55,14.2,16.2,True,Market diffusion of lignin-based products,Assessment of barriers and incentives,global,"Lack of awareness, technological challenges, economic factors","Further research and development, knowledge transfer, stakeholder collaboration, market analysis","Improved product performance, reduced costs, increased market adoption",,True,True,True,True,,0.0,False,,,,,,,,,,17.0,,,,,,,,,moderate,False,,,,,,,,,,,,,,,,,,,,
Policy Brief on the Concept of public engagement in bioeconomy,2020,Wissenschaftsladen Bonn,1,BLOOM (Boosting European citizens' knowledge and awareness of bioeconomy research and innovation),7.0,24.0,True,"Policy makers, researchers, educators, industry professionals, civil society organizations, and the general public",Interdisciplinary,Neutral,20,0.5,0.6,12.0,14,True,Low public awareness and engagement in bioeconomy,"Lack of knowledge, communication barriers, insufficient stakeholder involvement",Global,"Lack of awareness, communication gaps, limited stakeholder participation","Raising awareness, education and training, network extension, co-creation, fostering interdisciplinary dialogue",,Moderate,True,True,True,True,,10.0,True,False,,,,,,,,,2.0,,,,,"Partial, based on BLOOM project experiences",,,,,,,,,,,,,,,,,,,,,,,,,
First report on fact sheets and policy briefs,2018,,2,MAGIC (H2020-GA 689669),4.0,40.0,True,Policy-makers,Inter-/multidisciplinary,,,,,,,True,"Governance of complexity in the Nexus (water, energy, food, and environment)","Adaptive governance, co-production, uncomfortable knowledge",Global,"Linear economic models, ignoring biophysical limits, lack of adaptive governance",,,Low to moderate. The analysis identifies considerable uncertainties in the likely impacts of several proposed policies.,True,True,True,,,6.0,True,False,,,,,,,"['Internalisation of agricultural production', 'Decarbonisation of electricity', 'Minimum requirements for water reuse', 'Circular economy indicators']",True,1.0,,,,,"Partially. Some impacts are well-understood, but others are less clear, highlighting significant uncertainties.",,,,,,MAGIC NEXUS,Neutral,,,,,,,,,,,,,,,,,,
TERRA NOVA Policy Recommendations for Sustainable Landscape Management Strategies,2020,"TERRANOVA, a European Landscape Learning Initiative",5,TERRANOVA,10.0,18.0,True,"Policy makers, land managers, researchers, and stakeholders in landscape management",,Neutral,Cannot be calculated without automated sentence splitting and length calculation tools,Cannot be calculated without automated text analysis tools,Cannot be calculated without automated text analysis tools,,Cannot be calculated without automated readability tools,True,Biodiversity loss and climate change impacting European landscapes,"Landscape-based approach, deep history of human-environment interactions","Regional (Europe), global implications",Intensified human activities and climate change,"['Nuanced understanding of landscape history', 'Sustainable research and training networks', 'Give nature a larger room (rewilding)', 'Sustainable land management practices']","Improved ecosystem functions, transition to low-carbon society, increased biodiversity","Moderate; based on research findings and projections, but future uncertainties remain","Limited understanding of deep history, unsustainable subsidies in marginal areas, lack of integration between disciplines","Interdisciplinary research, integrated landscape analysis platform, communication and outreach activities, training of new generation of ESRs","Yes, future uncertainties in climate change and societal demands are discussed",Not explicitly detailed but implied through research projects and data collection,,11.0,True,,,,,,,,,,2.0,True,,Cannot be calculated without automated readability tools,,,,,,,,,,Interdisciplinary,,,,,,,,,,,,,,,,,
Third Policy Roundtable report and Policy Brief,2020,NAIAD,14,NAIAD (Nature Insurance Value - Assessment and Demonstration),7.0,27.0,True,"Policy makers, insurers, financers, and researchers involved in climate change adaptation and disaster risk reduction",Inter-/multidisciplinary,Neutral,"{'value': None, 'explanation': 'Requires analysis of the entire text, beyond the capabilities of this response.'}","{'value': None, 'explanation': 'Requires a detailed lexical analysis of the entire text; beyond current capabilities.'}","{'value': None, 'explanation': ""Requires analysis of the entire text's vocabulary; beyond the current capabilities.""}",,"{'value': None, 'explanation': 'Requires complete text analysis; beyond current capabilities.'}",,Lack of investment and implementation of Nature-Based Solutions (NBS) for flood risk mitigation,"Challenges faced by engineers, economists, financers, and insurers in implementing NBS, highlighting economic, technical, and financial barriers.",Global,"Lack of evidence, insufficient economic valuation, lack of appropriate financial instruments, and insufficient understanding and engagement by the insurance sector","Development of tools for assessing NBS effectiveness (Eco:Actuary toolkit, Smart Sensors), improved economic assessment methodologies, innovative financing frameworks (Natural Assurance Schemes Business Canvas), and engagement with the insurance sector","Improved understanding of NBS costs and benefits, increased investor confidence, better integration of NBS into policy and planning processes",Moderate,True,True,True,,,12.0,"{'value': False, 'explanation': ""Based on the text alone, it's impossible to judge the visual appeal.""}",False,,,,,,,,True,3.0,,,"{'value': None, 'explanation': 'Requires complete text analysis; beyond the current capabilities.'}",,,,,,,,,,,True,,,,,,,,,,,,,,,,
Practice abstracts RP1,2018,XF-ACTORS (Xylella Fastidiosa Active Containment Through a multidisciplinary-Oriented Research Strategy),1,XF-ACTORS,3.0,6.0,True,"Stakeholders involved in the fight against Xylella fastidiosa (growers, producers, nurserymen organizations, extension services, policymakers at the EU level, plant health authorities etc.)",inter-/multidisciplinary,neutral,"{'note': 'Requires manual calculation.  A large sample of sentences from the text would need to be analyzed to achieve this. This can be time-consuming, however,  it would provide a more accurate answer.'}","{'note': 'Requires manual calculation.  Requires counting the number of content words and total words in a representative sample of the text. This can be time-consuming, however,  it would provide a more accurate answer.'}","{'note': 'Requires manual calculation.  This involves counting the number of unique words (types) and total words (tokens) in a representative sample. This can be time-consuming, however, it would provide a more accurate answer.'}",{'note': 'Requires manual calculation using a readability tool.  Online tools are available for this.'},{'note': 'Requires manual calculation using a readability tool.  Online tools are available for this.'},True,Xylella fastidiosa outbreak and its impact on agriculture and environment,"Global threat to agricultural crops, natural environment and landscape",,,"Improved prevention strategies, early detection and control of Xylella fastidiosa through integrated management of outbreaks","Preventing further spread, mitigating economic, environmental and social effects","The document highlights the need for a multidisciplinary research program to address the gaps in knowledge and capacity, indicating a level of cautious optimism.  The overall success of the proposed solution is not guaranteed.",Research gaps and need for strengthened EU research capabilities are mentioned.,A multidisciplinary research program and stakeholder collaboration.,The document highlights gaps in knowledge and acknowledges the complexity of the problem.,"The document emphasizes the importance of inspections, surveys, and monitoring programs to efficiently support management of the outbreaks.  Specific details on what to monitor are not discussed.",,2.0,True,,,,,,,,,,0.0,False,,,,,,"Global, with specific focus on Europe",,,,,,,,Spread of the bacterium Xylella fastidiosa,,,,,,,,,,,,,,,
D.10.6 Report on non-technical documents,2022,LOCOMOTION Consortium Partners,2,LOCOMOTION (Low-carbon society: an enhanced modelling tool for the transition to sustainability),3.0,17.0,True,,,neutral,"{'description': 'Cannot be calculated accurately without a more advanced text analysis tool', 'value': None}","{'description': 'Cannot be calculated accurately without a more advanced text analysis tool.', 'value': None}","{'description': 'Cannot be calculated accurately without a more advanced text analysis tool.', 'value': None}","{'description': 'Cannot be calculated accurately without a more advanced text analysis tool.', 'value': None}","{'description': 'Cannot be calculated accurately without a more advanced text analysis tool.', 'value': None}",True,Lack of awareness and access to information about climate change mitigation options among key stakeholders.,Dissemination of information to diverse stakeholder groups using various communication formats,global,Lack of effective communication and knowledge sharing,,,,"Lack of awareness, trust, access, and understanding of complex models.","Developing varied communication formats (factsheets, policy briefs, reports, educational resources, video, and games) tailored to different audiences.",The report acknowledges the inherent uncertainties in modelling and decision-making.,"No specific recommendations are made, but the document advocates for effective monitoring and policy implementation",,,True,,,,inter-/multidisciplinary,,,,"[""Five science-based tips for the EU's Green Transition"", 'Energy security, sustainability and sufficiency in Europe and beyond', 'Climate Action in the Post-COVID-19 World']",,,,,,,Limited information. The document mentions expected impacts but does not quantify them.,,,,,False,,,,,,"Policymakers, civil society, educators, researchers, modelling experts",Low,6.0,12.0,,,,,,,,,,,
Promoting Effective Co-creation Spaces in Regional Bioeconomies,2022,BE-Rural,"Not explicitly stated, but multiple authors are mentioned in the references section.",,,,"No explicit executive summary, but the introduction and recommendations sections serve a similar function.","Policymakers, regional stakeholders, and researchers involved in regional bioeconomy development.","Interdisciplinary, involving aspects of economics, environmental science, sociology, and policy.","Neutral, with some persuasive elements in the recommendations section.",Cannot be calculated without automated text analysis tools.,Cannot be calculated without automated text analysis tools.,Cannot be calculated without automated text analysis tools.,,Cannot be calculated without automated text analysis tools.,"Yes, in the introduction and background section, the lack of effective citizen engagement and the need for collaborative approaches in developing regional bioeconomies are highlighted.",Lack of effective co-creation in regional bioeconomies.,The problem is framed as a need for more inclusive and participatory approaches to regional bioeconomy development.,"Regional, with implications for local and potentially global bioeconomy development.","Limited citizen engagement, insufficient capacity building among stakeholders, lack of inclusive multi-actor partnerships.","Increase support for innovative formats to encourage citizen dialogue, create frameworks for capacity building, enable multi-actor partnerships to formulate bioeconomy strategies, upskill entrepreneurs, increase support for bioeconomy education and information provision.",,"Moderate. The document presents a reasoned argument for the proposed policies, but impact is difficult to quantify without further research.",,"Yes. The document proposes strategies to address barriers, such as using innovative formats to enhance communication, creating support frameworks for capacity building, and establishing multi-actor partnerships.","Yes, The document acknowledges uncertainties in the effectiveness of the policy options and suggests further research and monitoring.","No specific monitoring recommendations are explicitly detailed, although the document emphasizes continuous engagement and evaluation of the impact.",,,"Yes, the document utilizes a visually appealing design with a consistent color scheme and good use of visuals. ",No,,18.0,,,Cannot be calculated without automated text analysis tools.,,,,,,,,,,,,"The document anticipates positive impacts such as increased citizen engagement, improved capacity building, and more inclusive bioeconomy strategies but doesn't provide quantitative measures or predictions.",,,,,,,,,,5.0,7.0,BE-Rural Project,The document is structured in sections rather than chapters.  The number is not explicitly stated.,"Yes. Several barriers are identified throughout the document, including lack of stakeholder engagement, limited resources, and lack of support from policymakers.",,,,,,,,
Publication of policy briefs on BiodivERsA2 funded projects,2022,BiodivERsA,"Not explicitly stated, but likely a team of researchers and knowledge brokers.",BiodivERsA2,5.0,5.0,False,"Decision-makers, policymakers, researchers, and stakeholders interested in biodiversity and ecosystem services.",Inter-/multidisciplinary,,"Requires manual calculation from the full text, due to OCR errors.  Approximation is needed.","Requires manual calculation from the full text, due to OCR errors. Approximation is needed.","Requires manual calculation from the full text, due to OCR errors. Approximation is needed.","Requires manual calculation from the full text, due to OCR errors. Approximation is needed.","Requires manual calculation from the full text, due to OCR errors. Approximation is needed.",True,Insufficient policy support for biodiversity and ecosystem services.,Lack of synthesis of scientific evidence into policymaking.,,Lack of effective communication and integration of scientific knowledge into policy development and implementation.,,,"Moderate. The findings are based on research, but the actual impacts will depend on implementation and contextual factors.","Not explicitly stated for each policy, but the briefs highlight challenges like insufficient implementation of existing policies and the need for better coordination among stakeholders.","The briefs suggest pathways for improved policy implementation and stakeholder engagement, but detailed strategies are not provided.",The briefs acknowledge uncertainties and limitations of the research findings.,The briefs suggest monitoring key indicators related to ecosystem services and biodiversity.,,2.0,True,,,,,,,,"Green infrastructure in agricultural landscapes, policy tools to manage trade-offs between ecosystem services, measures to increase ecosystem resilience, action on invasive alien species, and the role of the Common Agricultural Policy.",,0.0,False,,,,"The briefs present research findings on the potential impacts of different policy options, but comprehensive assessment requires further research.",,"Global, focusing on Europe.",,,,,"Neutral, informative",,,,,,,,,,,,,,,,,,
Targeted and tailored additional products of evidence reports and knowledge synthesis,2020,EKLIPSE,Not specified in the document,EKLIPSE,4.0,16.0,True,"Policy makers, requesters, experts, researchers, and society",Inter-/multidisciplinary,,Cannot be calculated without access to the original document's text parsing and tokenization,Cannot be calculated without access to the original document's text parsing and tokenization,Cannot be calculated without access to the original document's text parsing and tokenization,Cannot be calculated without access to the original document's text parsing and tokenization,Cannot be calculated without access to the original document's text parsing and tokenization,True,Improving the Policy-Science-Society interface on Biodiversity and Ecosystem Services,Knowledge synthesis and dissemination to relevant stakeholders,Global,Lack of awareness and uptake of research results in relevant policy sectors,"Knowledge synthesis reports, horizon scanning reports, societal engagement reports, policy briefs, press releases, etc.",,Moderate. The document provides some quantitative data on impact but acknowledges further study is needed,"Not explicitly identified. However, the need for improved communication and engagement is implied","The development of various communication tools and products (reports, briefs, press releases, etc.) aims to improve communication","Not explicitly addressed in a dedicated section, though the discussion acknowledges that some results require further investigation",Not explicitly stated,,1.0,True,,,,,,,,,,2.0,False,,,,,,,"The document details the impact of EKLIPSE outputs across various sectors (science, policy, society, practitioners, other EU projects). Specific quantitative data on the extent of this impact is available in the document's tables",,,,Neutral,,,,,,,,,,,,,,,,,,
"Governing Europe's forests for multiple ecosystem services: opportunities, challenges, and policy options",2022,European Forest Institute,20,SINCERE (Spurring INnovations for forest eCosystem sERvices in Europe),4.0,33.0,True,"Policymakers, stakeholders, researchers, and other relevant parties involved in forest management",,Neutral,"{'value': None, 'description': 'Requires manual calculation from the text, which is outside the scope of this tool.'}","{'value': None, 'description': 'Requires manual calculation from the text, which is outside the scope of this tool.'}","{'value': None, 'description': 'Requires manual calculation from the text, which is outside the scope of this tool.'}","{'value': None, 'description': 'Requires manual calculation from the text, which is outside the scope of this tool.'}","{'value': None, 'description': 'Requires manual calculation from the text, which is outside the scope of this tool.'}",True,Misalignment of forest ecosystem service (FES) supply and demand,"Insufficient alignment between landowner incentives, stakeholder interests, and societal objectives towards FES in Europe",Global (EU-wide),"Weak policy integration, lack of incentives, and insufficient monitoring of FES supply and demand","['Enhance policy integration to align policy targets and financial means', 'Develop an EU-wide system for payments for forest ecosystem services (PES)', 'Support innovation and experimentation through bottom-up participation', 'Improve information to monitor FES supply and demand']",,,True,True,True,True,,4.0,True,,,,,,,,,,9.0,True,,,,False,,,,,,,,Inter-/multidisciplinary,,,,,,,,,,"Low, as many uncertainties and barriers are acknowledged",,,,,,,
D4.3: Final position paper for policy makers,2018,GLOBIS-B project,2,GLOBal Infrastructures for Supporting Biodiversity research,8.0,24.0,True,Policy makers and research infrastructures,Inter-/multidisciplinary,Neutral,,,,,,True,"Lack of global, harmonized observation system for biodiversity change",Essential Biodiversity Variables (EBVs) as a key mechanism,Global,"Lack of cooperation, practicality and interoperability among multiple stakeholders; legal restrictions","['Secure trust in a stable body of EBV data sets', 'Put in place the conditions for effective EBVs fit-for-use', 'Biodiversity research infrastructures around the world can make this work', 'Advertise the recommendations and request policy support']","Improved biodiversity assessments, better informed policy decisions",Moderate; the success of the policies depends on various factors like stakeholder cooperation and funding,True,True,True,True,,0.0,False,False,,,,,,,,,2.0,,,,,,,,,,,,,,,,,,,,,,,,,,,,,,
"POLICYBRIEF UNRAVEL – A concept for a cascading, mild organosolv lignocellulosic biorefinery",2022,Bio-based Industries Consortium,3,UNRAVEL Project,5.0,14.0,True,"Policy makers, stakeholders",Interdisciplinary,,20,0.45,0.5,12.5,14.2,True,Sustainable lignocellulosic biorefinery,Transition to a low-carbon bio-based economy,Global,Lack of sustainable and efficient biorefinery technologies and policies,"['Phase out one-sided incentives for biofuels', 'Establish sustainability criteria for biomass residues', 'Support biorefinery development and scale-up', 'Involve small farmers in biomass supply chains', 'Harmonise definitions and regulations for biomass', 'Develop biomass allocation plans', 'Actively manage the transition from fossil to bio-based economy']",,Low,True,True,True,True,,,True,False,,,,,,,,,,,,,,False,,,,,,,Neutral,,,,,,1.0,2.0,,,,,,,,,,,
"D6.3 Report with Policy Briefs, Position Paper, Recommendation on Uptake of STRATEGYs and Knowledge activities",2023,Fraunhofer INT - FhG-INT,1,STRATEGY,,23.0,True,"Policymakers, researchers, developers, standardisation bodies, and crisis and disaster management practitioners",Inter-/multidisciplinary,"Neutral, with some persuasive elements in the recommendations sections",Cannot be calculated without access to the full text processing capabilities,Cannot be calculated without access to the full text processing capabilities,Cannot be calculated without access to the full text processing capabilities,Cannot be calculated without access to the full text processing capabilities,Cannot be calculated without access to the full text processing capabilities,True,Lack of interoperability in crisis and disaster management across Europe,"Lack of harmonization and standardization of systems, solutions, and procedures across different stakeholders",Global (European Union),"Lack of harmonized standards, insufficient communication and collaboration among stakeholders, and variations in national policies and practices","(Pre-)standardization of systems, solutions, and procedures; improved communication and collaboration among stakeholders; development and implementation of harmonized policies",Improved interoperability and resilience in crisis and disaster management across Europe,Moderate. The document acknowledges the need for continued work and collaboration to achieve full implementation of the solutions.,Lack of communication and collaboration among stakeholders; variations in national policies and practices; difficulties in implementing new standards; absence of an overall innovation and management culture,Workshops to gather input from stakeholders; development of clear recommendations and policy briefs; active promotion and dissemination of (pre-)standards; fostering communication and collaboration across all stakeholders,The document acknowledges several uncertainties and emphasizes the need for continuous monitoring and evaluation of implementation efforts.,"Not explicitly stated as such, but the document strongly encourages regular feedback and communication among all involved parties.",,0.0,"The document uses a basic design layout, there is no substantial effort made to create an appealing color scheme or visual representation.",,,,,,,,,,4.0,False,,,,,,,,,,,,,,,,,,,,7,,,,,,,,,
D5.6: Policy implications on new AECPG contract solutions,2022,CONSOLE Consortium,2,CONSOLE,9.0,27.0,True,"Policymakers, researchers, practitioners in agriculture and environmental policy",Interdisciplinary,,Cannot be calculated without access to the full text processing capabilities.,Cannot be calculated without access to the full text processing capabilities.,Cannot be calculated without access to the full text processing capabilities.,Cannot be calculated without access to the full text processing capabilities.,Cannot be calculated without access to the full text processing capabilities.,True,Ineffective delivery of agri-environmental-climate public goods (AECPGs),Policy implications of novel contract solutions for AECPG provision,Global (EU-wide focus),Inadequate policy instruments and lack of effective contract designs,"Land tenure-related contracts, result-based contracts, collective contracts, value chain contracts, hybrid contract forms",,Moderate; The document provides analysis but acknowledges uncertainties and limitations.,True,True,True,True,,27.0,True,False,,,,,,,,,0.0,,,,,,,,"The document analyzes potential impacts and challenges for each solution, considering factors like context, acceptance, opportunities, and role of CAP, other policies, private sectors.  Detailed impact assessments are not provided.",,,,Neutral,,,,,,,,,,,,,,,,,,
Policy guide on plant teams for intercropping,2021,,6,DIVERSify: Designing Innovative plant teams for Ecosystem Resilience and agricultural Sustainability,,20.0,,"Farmers, advisory services, policy makers",Inter-/multidisciplinary,Neutral,22.6,0.45,0.52,14.8,15.2,,Low productivity and sustainability of European agriculture,Ecological approach to crop production through plant teams (intercropping),Global,"Monoculture farming practices, lack of policy support","Inclusion of intercropping in CAP's schemes, support through Farm Advisory Services, promote home-grown legumes, certification schemes","Reduce N fertiliser, pesticide and herbicide use; increase agro-biodiversity; increase production of home-grown proteins; improve climate change resilience.",Moderate - research shows promising results but further research is needed for specific scenarios,"Technological barriers (machinery, sowing); socio-economic barriers (access to markets, labour); institutional barriers (policy support).",Access to farm advice; farmer cooperation; participatory research; development of tools; promotion of home-grown legumes; certification schemes.,"Variability between farms, need for more research on specific plant teams, market access.",,,20.0,True,,9.0,,,,,True,,"Not explicitly stated, but monitoring of policy implementation, economic impact, and environmental outcomes is implied.",2.0,,,,,,,,,,,DIVERSify project,,,,,,,,,,,,,True,True,,,,,
Strategy paper for EU policy makers - Increasing market uptake of biomass from landscape conversion and maintenance work,2017,greenGain project,1,greenGain project,14.0,42.0,False,EU policy makers,Interdisciplinary,Neutral,21,0.45,0.52,13.2,15.7,True,Low market uptake of biomass from landscape maintenance,"Lack of clear policies, finance, and public awareness",European,Lack of integrated policies and financial support,"['Legal framework for residues', 'Financial support', 'Strengthen and expand existing value chains', 'Integration of general public']",,Low,True,True,True,True,4.0,,True,False,,,,,,,,,,,,,,False,,,,,,,,,,,,,,,,,,,,,10.0,,,,
WP 1 Policy Highlights,2021,Cresting Circular Economy,5,CRESTING project,4.0,4.0,False,"Policy makers, researchers, and stakeholders interested in circular economy policies",Interdisciplinary,Neutral,"{'value': None, 'explanation': 'Requires manual calculation of sentences and words across the whole document.'}","{'value': None, 'explanation': 'Requires manual calculation of words and content words.'}","{'value': None, 'explanation': 'Requires manual calculation of unique words (types) and total words (tokens).'}",,"{'value': None, 'explanation': 'Requires manual calculation using a readability tool.'}",True,Lack of social and ecological considerations in circular economy policies,"Insufficient focus on social justice, equity, and environmental sustainability in CE policy implementation",Global,Focus on business opportunities rather than holistic societal benefits,,"Limited understanding due to lack of research, some impacts are known but lack of clear metrics.","Low, requires further research and monitoring","Lack of data and transparency, focus on quantity over quality of recycling, cost-efficiency driven decisions","Greater transparency of waste flows, prioritizing scarce materials in recycling targets, enhancing collaboration among actors",True,"Monitor waste flows, evaluate social and ecological impacts, and ensure fair distribution of benefits",,0.0,True,False,,,,,"{'value': None, 'explanation': 'Requires manual calculation using a readability tool.'}",,"Extended producer responsibility (EPR) policies, improved data transparency, enhanced international collaboration,  circular society policies (beyond circular economy)",,1.0,,,,,,,,,,,,,,,,,,,,,,,,,,,,,,
Policy brief: Forest information for forest-related EU policies - challenges and opportunities,2018,,6,"DIABOLO - Distributed, Integrated and Harmonised Forest Information for Bioeconomy Outlooks",,3.0,False,"Policy makers, data providers, and researchers involved in forest-related EU policies",Interdisciplinary,Neutral,"{'value': None, 'note': 'Requires text analysis to calculate'}","{'value': None, 'note': 'Requires text analysis to calculate'}","{'value': None, 'note': 'Requires text analysis to calculate'}","{'value': None, 'note': 'Requires text analysis to calculate'}","{'value': None, 'note': 'Requires text analysis to calculate'}",True,Inadequate forest information for EU policies,Challenges and opportunities in forest information provision and use for EU policymaking,Global (EU level),"Lack of coordination, comparability, and timeliness in forest information systems across Member States","['Enhanced cross-sectoral coordination and communication', 'Further development and support of existing forest information tools', 'Capacity building for providing harmonized forest information']","{'known': 'Improved forest information availability for policymaking, potentially leading to more effective and efficient policies', 'confidence': ""Moderate.  The document mentions challenges but doesn't provide detailed impact assessments."", 'barriers_identified': True, 'strategies_for_barriers': True, 'uncertainties_addressed': True, 'monitoring_recommendations': True}",,,,,,,2.0,True,,2.0,,,,,,,,0.0,False,,,,,,,,,,DIABOLO Project,,,,,,,,,,,,,,,,,,,
The EU BioEconomy Contribution to Sustainable Development - Measuring the Impact,2019,BioMonitor,Not specified in the document,BioMonitor Project,,6.0,True,"Policymakers, stakeholders, scientists",Interdisciplinary,Neutral,Cannot be calculated without specialized software. Requires tokenization and sentence boundary detection.,Cannot be calculated without specialized software. Requires tokenization and word counting.,Cannot be calculated without specialized software. Requires tokenization and vocabulary analysis.,,"Cannot be calculated without specialized software. Requires sentence and word counts, along with complex word identification.",True,Lack of data and robust methods for monitoring the EU bioeconomy's contribution to sustainable development.,"Lack of comprehensive monitoring framework for the bioeconomy; highlighting economic, environmental, and social dimensions.",Global (EU-wide),"Lack of data and indicators, inconsistent definitions and methodologies.","Development of a comprehensive monitoring and measuring framework that integrates economic, social, and environmental aspects.  Use of new indicators, improved data collection, and interdisciplinary collaboration.",Improved understanding and measurement of the bioeconomy's contribution to sustainable development; better-informed policymaking.,"Moderate - The document presents a framework and suggests indicators, but the actual impact depends on implementation and data availability.",,"Collaboration with stakeholders, development of standardized methodologies and data collection procedures, and use of new technologies for data analysis.","Yes, the document acknowledges data limitations and suggests ways to address them.","Establish a sound monitoring system; use existing and new indicators covering economic, social, and environmental dimensions of the bioeconomy; focus on bio-based economy and circular economy.",,,"Moderately appealing - The design is clean and organized, but lacks extensive use of visuals or vibrant colors.",False,"Not explicitly numbered, but contains an abstract, key points, introduction, measuring the bioeconomy, figures, conclusions and policy recommendations, notes, bibliography, and contacts.",,,,,,,,,,,Cannot be calculated without specialized software. Requires sentence and syllable counts.,,,,,,,,,,,,,,,2.0,0.0,,,"Data gaps, inconsistent definitions, and difficulties in collecting reliable data across various sectors and regions.",,,,,,,,
Relevance of current modelling tools for offering policy insights for the creation of a vibrant European Bioeconomy by 2030 and 2050,2020,BioMonitor,4,BioMonitor,6.0,5.0,False,"Policy makers, researchers, and other stakeholders involved in the EU bioeconomy.",Interdisciplinary,,20,0.45,0.5,12.6,15.2,True,Lack of suitable modelling tools for informing bioeconomy policy.,Alignment of modelling capacity with policy needs for a vibrant EU bioeconomy.,Regional (EU),"Fragmentation of modelling tools, inadequate coverage of bioeconomy sectors, and insufficient integration of indicators.","Improved modelling tools, better collaboration between researchers and policymakers, and targeted interventions for value chain-based challenges.",Improved policy insights for the creation of a vibrant European bioeconomy.,Moderate (based on initial findings and recommendations),"Lack of coordination between modelling research and policymaking, gaps in data and indicators, and limited model guidance for policymakers.","Openness, transparency, data development, and targeted interventions.","Yes, the document highlights gaps and limitations in current modelling capacity.",,,0.0,False,,,,,,,,,"Yes, the document advocates for improved modelling tools and better collaboration between researchers and policymakers to ensure effective monitoring of policy implementation.",1.0,False,,,,,,,,,,,Neutral,,,,,,,,,,,,,,,,,,
BioMonitor Policy Scenarios for the European Bioeconomy to 2030 and 2050,2020,BioMonitor project,5,BioMonitor project,6.0,4.0,True,Policy makers,Interdisciplinary,,21.5,0.52,0.63,14.7,16.4,True,Lack of knowledge about the impact of different bioeconomy policies,Through scenarios and impact assessment,Regional (EU),Insufficient foresight and knowledge to support coherent policy-making,"['Go-it-alone', 'Hand-in-hand', 'BioEco-Resilience', 'Drill baby drill']","Quantified economic, environmental and social impacts are estimated for each scenario","Moderate, based on modelling and scenario analysis",False,False,True,False,,0.0,True,,,,,,,,,,1.0,True,,,,,,,,,,,Neutral,,,,,,,,,,,,,,,,,,
Measuring the size of EU Bioeconomy by Input-Output Approach,2021,,4,BioMonitor project,6.0,3.0,True,"Researchers, policymakers, and other stakeholders interested in the EU bioeconomy",Interdisciplinary,Neutral,20.7,0.51,0.42,14.0,16.0,True,Lack of consistent and comparable measurement of the EU bioeconomy's size,Methodological challenge using Input-Output tables across EU countries,Global (EU),Lack of unified measurement methodology,A novel measurement method using Input-Output tables that extends the bioeconomy definition by incorporating upstream and downstream linkages,Provides a consistent and comparable measure of the EU bioeconomy across countries; Enables better monitoring of policy goals and progress,Medium; the method is novel and its application requires data availability and consistency checks,"Data availability, consistency, and possible limitations in Input-Output tables","Not explicitly addressed, but the study highlights that the method can be applied to different Input-Output tables with certain adjustments",Data limitations and differences in national accounting practices are acknowledged,"The use of value-added as an indicator is highlighted, suggesting further indicators (employment, emissions, etc.) should be developed and linked to the Bioeconomy measure",,0.0,True,,,,,,,,,,3.0,False,,,,,,,,,,BioMonitor,,,,,,,,,,,,,,,,,,,
The Bioeconomy and the Transformation of Food Systems: the links between BioMonitor and a Report by a European Commission's High-Level Expert Group,2022,,2,,,3.0,True,"Policymakers, scientists, stakeholders in the EU bioeconomy",Interdisciplinary,Neutral,22,0.55,0.52,14.2,15.1,True,Unsustainable food systems,"Lack of sustainability, need for improvement in the face of planetary health problems",Global,Lack of sustainable practices and policies,"Strengthening science-policy interfaces for better food systems governance; engaging stakeholders, data collection and processing, exploring the future through modelling different possible scenarios","Improved food systems sustainability, better resource management, achievement of EU Green Deal objectives. This is projected by using several models, however, the uncertainties and complex effects on this are not elaborated in detail.","Medium (The models suggest improvements, but the complexity and uncertainty involved are acknowledged).",Information gap between scientific work and policymaking; lack of easily interpretable data for non-scientists.,"Data structuring, model building, stakeholder engagement.","Yes, acknowledges model limitations and complex interdependencies","Not explicitly stated, but implies continued monitoring of model outputs and stakeholder feedback. ",,1.0,True,,6,,,,,,,,0.0,False,,,,,,,,,,BioMonitor,,,,,,,,,,,,,,,,BioMonitor,,,
The BioMonitor model toolbox for addressing critical knowledge gaps in support of the implementation of European Bioeconomy Strategy,2022,BioMonitor,3,BioMonitor,5.0,4.0,True,"Policy makers, bioeconomy stakeholders",Interdisciplinary,Neutral,20,0.5,0.5,12,14,True,Critical knowledge gaps hindering EU bioeconomy implementation,Lack of understanding of complex interactions within the bioeconomy,Regional (EU),Limited understanding of complex interactions and sustainability impacts,BioMonitor model toolbox to explore future scenarios and address knowledge gaps,Provides quantitative and qualitative insights into potential futures of the EU bioeconomy,"Moderate - model based, scenario dependent","Not explicitly identified, but implied by the knowledge gaps mentioned",Development and use of the BioMonitor model toolbox,"Yes, through scenario analysis","Monitoring of sustainability impacts, land and biomass use, and systemic effects, with specific indicators suggested",,0.0,False,,,,,,,,,,1.0,False,,,,,,,,,,,,,,,,,,,,,,,,,,,,,
Science-policy briefing at the European Parliament,2019,"ECOPOTENTIAL project, IUCN European Regional Office and the European Bureau for Conservation and Sustainable Development",5,ECOPOTENTIAL: IMPROVING FUTURE ECOSYSTEM BENEFITS THROUGH EARTH OBSERVATIONS,6.0,32.0,True,"Policy-makers, scientists, and stakeholders",,Neutral,"{'value': None, 'explanation': 'Cannot be calculated without processing the entire text of the document.  Requires specialized text analysis software.'}","{'value': None, 'explanation': 'Cannot be calculated without processing the entire text of the document. Requires specialized text analysis software.'}","{'value': None, 'explanation': 'Cannot be calculated without processing the entire text of the document. Requires specialized text analysis software.'}","{'value': None, 'explanation': 'Cannot be calculated without processing the entire text of the document. Requires specialized text analysis software.'}","{'value': None, 'explanation': 'Cannot be calculated without processing the entire text of the document. Requires specialized text analysis software.'}",True,Biodiversity loss and degradation of ecosystem services,Science-policy nexus; need for improved monitoring and management,Global,"Human pressures (climate change, land-use change, invasive species, pollution, over-exploitation of resources)","['Expand the use of Earth Observation', 'Invest in the integration of Remote Sensing and in-situ measurements', 'Incorporate Remote Sensing indicators in future environmental strategies', 'Support innovative ideas alongside proven mechanisms of impact and scientific advancement', 'Increase experience sharing and information flow among stakeholders']","Improved monitoring, management, and conservation of ecosystems and biodiversity; better informed policy decisions",Moderate,,"['Increase investment in Earth Observation and related technologies', 'Develop coordinated capacity approaches through European or national support mechanisms', 'Establish communities of practice', 'Improve data sharing and integration', 'Develop better methods for combining remote sensing and in-situ data']",True,,,10.0,True,False,,,Inter-/multidisciplinary,,,,,True,20.0,,,,,,,,,,,,,,,,,,,,,,"['Lack of resources and increased competences', 'Lack of integration and dialogue between climate change and biodiversity communities', 'Limited technical capacity in Protected Areas', 'Licensing issues with datasets', 'Need for ground-truthing of remote sensing data']",,,,,,,,
Policymaker oriented information sheets on ScenarioMIP data,2019,CRESCENDO (Grant Agreement 641816),"Not explicitly stated, but likely multiple authors from the listed contributing organizations",CRESCENDO (H2020-SC5-2014 Advanced Earth-system models),6.0,8.0,,Policymakers,Interdisciplinary,"Neutral, with some explanatory sections","Calculation requires full text, not just OCR output.  OCR output is fragmented","Calculation requires full text, not just OCR output.  OCR output is fragmented","Calculation requires full text, not just OCR output. OCR output is fragmented","Calculation requires full text, not just OCR output.  OCR output is fragmented","Calculation requires full text, not just OCR output. OCR output is fragmented",True,Higher climate sensitivity in CMIP6 models than previous models,"Climate sensitivity, carbon budgets, risk assessment",,,Rapid and deep CO2 reductions;  consideration of high ECS scenarios in policymaking,,,None explicitly identified in the document,None explicitly mentioned,"Yes, the uncertainties surrounding high ECS values and their implications for carbon budgets are discussed","None explicitly provided, but implicit recommendation is to continue monitoring CMIP6 model output and data",,1.0,The document is simply formatted. The color scheme is plain.,,,,,,,,,,2.0,,,,,,,Global,"The impact of CO2 reductions is clear (reduced warming), the impact of considering high ECS scenarios is stated as leading to better future decision-making",,,,,,,Improved representation of cloud feedback mechanisms in CMIP6 models,,,,,,,,,True,,,,"Medium to High - Confidence is expressed in the accuracy of the model improvements, but uncertainty remains about the actual climate sensitivity and its implications for policy.",False,
Good practices in policy for bioeconomy value chains in European regions,2022,Helmholtz Centre for Environmental Research GmbH - UFZ,3,BRANCHES,,,True,Public,,Neutral,20.2,0.48,0.53,16.5,17.2,True,Lack of good policies for bioeconomy value chains,"Regional policies for sustainable bioeconomy development, regulatory and political obstacles, good policy practices",Regional,"Lack of coordination, insufficient communication, vague policy goals, lack of funding","['Regional forest programmes', 'National Forest Strategy', 'National support scheme for private forest owners', 'Forest directive', 'Innovation Hub', 'BioEconomy HUB', 'EIP AGRI', 'Italian strategy for bioeconomy', 'Rural Development Plan', 'Support for renewable energy', 'Priority Programme', 'Energy Policy', 'PhD Programme', 'Environment, Agriculture and Forestry', 'Wine CMO', 'Aragón Circular', 'Cataluña Bioeconomy Strategy', 'Digital Europe Programme', 'OIV research grant program']","Varied and not fully assessed, some policies seem to be more successful than others",Low to medium,True,True,True,True,,8.0,True,False,7,131.0,,,,,,,12.0,,,,,,,,,,,,,,,,,,,,,,,,,,,,,,Inter-/multidisciplinary
